,Manufacturing (C) ;  Machinery and equipment: Contributions to growth ;,Manufacturing (C) ;  Contributions to growth ;,"Electricity, gas, water and waste services (D) ;  Electricity: Contributions to growth ;","Electricity, gas, water and waste services (D) ;  Gas: Contributions to growth ;","Electricity, gas, water and waste services (D) ;  Water supply and waste services: Contributions to growth ;","Electricity, gas, water and waste services (D) ;  Contributions to growth ;",Construction (E) ;  Contributions to growth ;,Wholesale trade (F) ;  Contributions to growth ;,Retail trade (G) ;  Contributions to growth ;,Accommodation and food services (H) ;  Contributions to growth ;,"Transport, postal and warehousing (I) ;  Road: Contributions to growth ;","Transport, postal and warehousing (I) ;  Air and space transport: Contributions to growth ;","Transport, postal and warehousing (I) ;  Rail, pipeline and other transport: Contributions to growth ;","Transport, postal and warehousing (I) ;  Transport, postal and storage services: Contributions to growth ;","Transport, postal and warehousing (I) ;  Contributions to growth ;",Information media and telecommunications (J) ;  Contributions to growth ;,Financial and insurance services (K) ;  Contributions to growth ;,"Rental, hiring and real estate services (L) ;  Contributions to growth ;","Professional, scientific and technical services (M) ;  Contributions to growth ;",Administrative and support services (N) ;  Contributions to growth ;,Public administration and safety (O) ;  Contributions to growth ;,Education and training (P) ;  Contributions to growth ;,Health care and social assistance (Q) ;  Contributions to growth ;,Arts and recreation services (R) ;  Contributions to growth ;,Other services (S) ;  Contributions to growth ;,Ownership of dwellings ;  Contributions to growth ;,Gross value added at basic prices: Contributions to growth ;,Taxes less subsidies on products: Contributions to growth ;,GROSS DOMESTIC PRODUCT: Contributions to growth ;,"Agriculture, forestry and fishing (A) ;  Revision to percentage changes ;",Mining (B) ;  Revision to percentage changes ;,Manufacturing (C) ;  Revision to percentage changes ;,"Electricity, gas, water and waste services (D) ;  Revision to percentage changes ;",Construction (E) ;  Revision to percentage changes ;,Wholesale trade (F) ;  Revision to percentage changes ;,Retail trade (G) ;  Revision to percentage changes ;,Accommodation and food services (H) ;  Revision to percentage changes ;,"Transport, postal and warehousing (I) ;  Revision to percentage changes ;",Information media and telecommunications (J) ;  Revision to percentage changes ;,Financial and insurance services (K) ;  Revision to percentage changes ;,"Rental, hiring and real estate services (L) ;  Revision to percentage changes ;","Professional, scientific and technical services (M) ;  Revision to percentage changes ;",Administrative and support services (N) ;  Revision to percentage changes ;,Public administration and safety (O) ;  Revision to percentage changes ;,Education and training (P) ;  Revision to percentage changes ;,Health care and social assistance (Q) ;  Revision to percentage changes ;,Arts and recreation services (R) ;  Revision to percentage changes ;,Other services (S) ;  Revision to percentage changes ;,Ownership of dwellings ;  GROSS DOMESTIC PRODUCT: Revision to percentage changes ;,Gross value added at basic prices: Revision to percentage changes ;,Taxes less subsidies on products: Revision to percentage changes ;,GROSS DOMESTIC PRODUCT: Revision to percentage changes ;
Unit,Index Points,Index Points,Index Points,Index Points,Index Points,Index Points,Index Points,Index Points,Index Points,Index Points,Index Points,Index Points,Index Points,Index Points,Index Points,Index Points,Index Points,Index Points,Index Points,Index Points,Index Points,Index Points,Index Points,Index Points,Index Points,Index Points,Index Points,Index Points,Index Points,Percent,Percent,Percent,Percent,Percent,Percent,Percent,Percent,Percent,Percent,Percent,Percent,Percent,Percent,Percent,Percent,Percent,Percent,Percent,Percent,Percent,Percent,Percent
Series Type,Seasonally Adjusted,Seasonally Adjusted,Seasonally Adjusted,Seasonally Adjusted,Seasonally Adjusted,Seasonally Adjusted,Seasonally Adjusted,Seasonally Adjusted,Seasonally Adjusted,Seasonally Adjusted,Seasonally Adjusted,Seasonally Adjusted,Seasonally Adjusted,Seasonally Adjusted,Seasonally Adjusted,Seasonally Adjusted,Seasonally Adjusted,Seasonally Adjusted,Seasonally Adjusted,Seasonally Adjusted,Seasonally Adjusted,Seasonally Adjusted,Seasonally Adjusted,Seasonally Adjusted,Seasonally Adjusted,Seasonally Adjusted,Seasonally Adjusted,Seasonally Adjusted,Seasonally Adjusted,Seasonally Adjusted,Seasonally Adjusted,Seasonally Adjusted,Seasonally Adjusted,Seasonally Adjusted,Seasonally Adjusted,Seasonally Adjusted,Seasonally Adjusted,Seasonally Adjusted,Seasonally Adjusted,Seasonally Adjusted,Seasonally Adjusted,Seasonally Adjusted,Seasonally Adjusted,Seasonally Adjusted,Seasonally Adjusted,Seasonally Adjusted,Seasonally Adjusted,Seasonally Adjusted,Seasonally Adjusted,Seasonally Adjusted,Seasonally Adjusted,Seasonally Adjusted
Data Type,DERIVED,DERIVED,DERIVED,DERIVED,DERIVED,DERIVED,DERIVED,DERIVED,DERIVED,DERIVED,DERIVED,DERIVED,DERIVED,DERIVED,DERIVED,DERIVED,DERIVED,DERIVED,DERIVED,DERIVED,DERIVED,DERIVED,DERIVED,DERIVED,DERIVED,DERIVED,DERIVED,DERIVED,DERIVED,DERIVED,DERIVED,DERIVED,DERIVED,DERIVED,DERIVED,DERIVED,DERIVED,DERIVED,DERIVED,DERIVED,DERIVED,DERIVED,DERIVED,DERIVED,DERIVED,DERIVED,DERIVED,DERIVED,DERIVED,DERIVED,DERIVED,DERIVED
Frequency,Quarter,Quarter,Quarter,Quarter,Quarter,Quarter,Quarter,Quarter,Quarter,Quarter,Quarter,Quarter,Quarter,Quarter,Quarter,Quarter,Quarter,Quarter,Quarter,Quarter,Quarter,Quarter,Quarter,Quarter,Quarter,Quarter,Quarter,Quarter,Quarter,Quarter,Quarter,Quarter,Quarter,Quarter,Quarter,Quarter,Quarter,Quarter,Quarter,Quarter,Quarter,Quarter,Quarter,Quarter,Quarter,Quarter,Quarter,Quarter,Quarter,Quarter,Quarter,Quarter
Collection Month,3,3,3,3,3,3,3,3,3,3,3,3,3,3,3,3,3,3,3,3,3,3,3,3,3,3,3,3,3,3,3,3,3,3,3,3,3,3,3,3,3,3,3,3,3,3,3,3,3,3,3,3
Series Start,Dec-1977,Dec-1974,Dec-1974,Dec-1974,Dec-1974,Dec-1974,Dec-1974,Dec-1974,Dec-1974,Dec-1974,Dec-1974,Dec-1974,Dec-1974,Dec-1974,Dec-1974,Dec-1974,Dec-1974,Dec-1974,Dec-1974,Dec-1974,Dec-1974,Dec-1974,Dec-1974,Dec-1974,Dec-1974,Dec-1974,Dec-1974,Dec-1974,Sep-1960,Dec-1974,Dec-1974,Dec-1974,Dec-1974,Dec-1974,Dec-1974,Dec-1974,Dec-1974,Dec-1974,Dec-1974,Dec-1974,Dec-1974,Dec-1974,Dec-1974,Dec-1974,Dec-1974,Dec-1974,Dec-1974,Dec-1974,Dec-1974,Dec-1974,Dec-1974,Dec-1959
Series End,Mar-2017,Mar-2017,Mar-2017,Mar-2017,Mar-2017,Mar-2017,Mar-2017,Mar-2017,Mar-2017,Mar-2017,Mar-2017,Mar-2017,Mar-2017,Mar-2017,Mar-2017,Mar-2017,Mar-2017,Mar-2017,Mar-2017,Mar-2017,Mar-2017,Mar-2017,Mar-2017,Mar-2017,Mar-2017,Mar-2017,Mar-2017,Mar-2017,Mar-2017,Dec-2016,Dec-2016,Dec-2016,Dec-2016,Dec-2016,Dec-2016,Dec-2016,Dec-2016,Dec-2016,Dec-2016,Dec-2016,Dec-2016,Dec-2016,Dec-2016,Dec-2016,Dec-2016,Dec-2016,Dec-2016,Dec-2016,Dec-2016,Dec-2016,Dec-2016,Dec-2016
No. Obs,158,170,170,170,170,170,170,170,170,170,170,170,170,170,170,170,170,170,170,170,170,170,170,170,170,170,170,170,227,169,169,169,169,169,169,169,169,169,169,169,169,169,169,169,169,169,169,169,169,169,169,229
Series ID,A2716129K,A2716126C,A2716136J,A2716137K,A2716138L,A2716135F,A2716139R,A2716140X,A2716141A,A2716142C,A3348494J,A2716144J,A3348495K,A2716147R,A2716143F,A2716148T,A2716149V,A2716150C,A2716151F,A2716152J,A2716584L,A2716153K,A2716154L,A2716155R,A2716156T,A2529214X,A2302397F,A2323352T,A2304030W,A2716003C,A2716004F,A2716005J,A2716006K,A2716007L,A2716008R,A2716009T,A2716010A,A2716011C,A2716012F,A2716013J,A2716014K,A2716015L,A2716016R,A2716017T,A2716018V,A2716019W,A2716020F,A2716021J,A2529212V,A2302694A,A2323349C,A2302642X
Sep-1959,,,,,,,,,,,,,,,,,,,,,,,,,,,,,,,,,,,,,,,,,,,,,,,,,,,,
Dec-1959,,,,,,,,,,,,,,,,,,,,,,,,,,,,,,,,,,,,,,,,,,,,,,,,,,,,0.0
Mar-1960,,,,,,,,,,,,,,,,,,,,,,,,,,,,,,,,,,,,,,,,,,,,,,,,,,,,0.0
Jun-1960,,,,,,,,,,,,,,,,,,,,,,,,,,,,,,,,,,,,,,,,,,,,,,,,,,,,0.0
Sep-1960,,,,,,,,,,,,,,,,,,,,,,,,,,,,,0.3,,,,,,,,,,,,,,,,,,,,,,,0.0
Dec-1960,,,,,,,,,,,,,,,,,,,,,,,,,,,,,-0.2,,,,,,,,,,,,,,,,,,,,,,,0.0
Mar-1961,,,,,,,,,,,,,,,,,,,,,,,,,,,,,0.3,,,,,,,,,,,,,,,,,,,,,,,0.0
Jun-1961,,,,,,,,,,,,,,,,,,,,,,,,,,,,,-1.1,,,,,,,,,,,,,,,,,,,,,,,0.0
Sep-1961,,,,,,,,,,,,,,,,,,,,,,,,,,,,,-0.7,,,,,,,,,,,,,,,,,,,,,,,0.0
Dec-1961,,,,,,,,,,,,,,,,,,,,,,,,,,,,,1.1,,,,,,,,,,,,,,,,,,,,,,,0.0
Mar-1962,,,,,,,,,,,,,,,,,,,,,,,,,,,,,2.8,,,,,,,,,,,,,,,,,,,,,,,0.0
Jun-1962,,,,,,,,,,,,,,,,,,,,,,,,,,,,,1.9,,,,,,,,,,,,,,,,,,,,,,,0.0
Sep-1962,,,,,,,,,,,,,,,,,,,,,,,,,,,,,0.9,,,,,,,,,,,,,,,,,,,,,,,0.0
Dec-1962,,,,,,,,,,,,,,,,,,,,,,,,,,,,,1.8,,,,,,,,,,,,,,,,,,,,,,,0.0
Mar-1963,,,,,,,,,,,,,,,,,,,,,,,,,,,,,2.3,,,,,,,,,,,,,,,,,,,,,,,0.0
Jun-1963,,,,,,,,,,,,,,,,,,,,,,,,,,,,,-1.3,,,,,,,,,,,,,,,,,,,,,,,0.0
Sep-1963,,,,,,,,,,,,,,,,,,,,,,,,,,,,,4.1,,,,,,,,,,,,,,,,,,,,,,,0.0
Dec-1963,,,,,,,,,,,,,,,,,,,,,,,,,,,,,2.1,,,,,,,,,,,,,,,,,,,,,,,0.0
Mar-1964,,,,,,,,,,,,,,,,,,,,,,,,,,,,,-0.1,,,,,,,,,,,,,,,,,,,,,,,0.0
Jun-1964,,,,,,,,,,,,,,,,,,,,,,,,,,,,,2.5,,,,,,,,,,,,,,,,,,,,,,,0.0
Sep-1964,,,,,,,,,,,,,,,,,,,,,,,,,,,,,0.6,,,,,,,,,,,,,,,,,,,,,,,0.0
Dec-1964,,,,,,,,,,,,,,,,,,,,,,,,,,,,,2.8,,,,,,,,,,,,,,,,,,,,,,,0.0
Mar-1965,,,,,,,,,,,,,,,,,,,,,,,,,,,,,0.8,,,,,,,,,,,,,,,,,,,,,,,0.0
Jun-1965,,,,,,,,,,,,,,,,,,,,,,,,,,,,,1.6,,,,,,,,,,,,,,,,,,,,,,,0.0
Sep-1965,,,,,,,,,,,,,,,,,,,,,,,,,,,,,-0.2,,,,,,,,,,,,,,,,,,,,,,,0.0
Dec-1965,,,,,,,,,,,,,,,,,,,,,,,,,,,,,0.2,,,,,,,,,,,,,,,,,,,,,,,0.0
Mar-1966,,,,,,,,,,,,,,,,,,,,,,,,,,,,,-0.3,,,,,,,,,,,,,,,,,,,,,,,0.0
Jun-1966,,,,,,,,,,,,,,,,,,,,,,,,,,,,,1.4,,,,,,,,,,,,,,,,,,,,,,,0.0
Sep-1966,,,,,,,,,,,,,,,,,,,,,,,,,,,,,2.9,,,,,,,,,,,,,,,,,,,,,,,0.0
Dec-1966,,,,,,,,,,,,,,,,,,,,,,,,,,,,,0.6,,,,,,,,,,,,,,,,,,,,,,,0.0
Mar-1967,,,,,,,,,,,,,,,,,,,,,,,,,,,,,3.9,,,,,,,,,,,,,,,,,,,,,,,0.0
Jun-1967,,,,,,,,,,,,,,,,,,,,,,,,,,,,,-0.2,,,,,,,,,,,,,,,,,,,,,,,0.0
Sep-1967,,,,,,,,,,,,,,,,,,,,,,,,,,,,,1.9,,,,,,,,,,,,,,,,,,,,,,,0.0
Dec-1967,,,,,,,,,,,,,,,,,,,,,,,,,,,,,0.8,,,,,,,,,,,,,,,,,,,,,,,0.0
Mar-1968,,,,,,,,,,,,,,,,,,,,,,,,,,,,,-0.9,,,,,,,,,,,,,,,,,,,,,,,0.0
Jun-1968,,,,,,,,,,,,,,,,,,,,,,,,,,,,,3.9,,,,,,,,,,,,,,,,,,,,,,,0.0
Sep-1968,,,,,,,,,,,,,,,,,,,,,,,,,,,,,1.3,,,,,,,,,,,,,,,,,,,,,,,0.0
Dec-1968,,,,,,,,,,,,,,,,,,,,,,,,,,,,,3.7,,,,,,,,,,,,,,,,,,,,,,,0.0
Mar-1969,,,,,,,,,,,,,,,,,,,,,,,,,,,,,-0.7,,,,,,,,,,,,,,,,,,,,,,,0.0
Jun-1969,,,,,,,,,,,,,,,,,,,,,,,,,,,,,2.0,,,,,,,,,,,,,,,,,,,,,,,0.0
Sep-1969,,,,,,,,,,,,,,,,,,,,,,,,,,,,,1.7,,,,,,,,,,,,,,,,,,,,,,,0.0
Dec-1969,,,,,,,,,,,,,,,,,,,,,,,,,,,,,2.3,,,,,,,,,,,,,,,,,,,,,,,0.0
Mar-1970,,,,,,,,,,,,,,,,,,,,,,,,,,,,,2.1,,,,,,,,,,,,,,,,,,,,,,,0.0
Jun-1970,,,,,,,,,,,,,,,,,,,,,,,,,,,,,2.0,,,,,,,,,,,,,,,,,,,,,,,0.0
Sep-1970,,,,,,,,,,,,,,,,,,,,,,,,,,,,,-0.2,,,,,,,,,,,,,,,,,,,,,,,0.0
Dec-1970,,,,,,,,,,,,,,,,,,,,,,,,,,,,,0.5,,,,,,,,,,,,,,,,,,,,,,,0.0
Mar-1971,,,,,,,,,,,,,,,,,,,,,,,,,,,,,1.2,,,,,,,,,,,,,,,,,,,,,,,0.0
Jun-1971,,,,,,,,,,,,,,,,,,,,,,,,,,,,,0.4,,,,,,,,,,,,,,,,,,,,,,,0.0
Sep-1971,,,,,,,,,,,,,,,,,,,,,,,,,,,,,3.1,,,,,,,,,,,,,,,,,,,,,,,0.0
Dec-1971,,,,,,,,,,,,,,,,,,,,,,,,,,,,,-0.3,,,,,,,,,,,,,,,,,,,,,,,0.0
Mar-1972,,,,,,,,,,,,,,,,,,,,,,,,,,,,,-1.2,,,,,,,,,,,,,,,,,,,,,,,0.0
Jun-1972,,,,,,,,,,,,,,,,,,,,,,,,,,,,,2.3,,,,,,,,,,,,,,,,,,,,,,,0.0
Sep-1972,,,,,,,,,,,,,,,,,,,,,,,,,,,,,-0.5,,,,,,,,,,,,,,,,,,,,,,,0.0
Dec-1972,,,,,,,,,,,,,,,,,,,,,,,,,,,,,1.1,,,,,,,,,,,,,,,,,,,,,,,0.0
Mar-1973,,,,,,,,,,,,,,,,,,,,,,,,,,,,,2.6,,,,,,,,,,,,,,,,,,,,,,,0.0
Jun-1973,,,,,,,,,,,,,,,,,,,,,,,,,,,,,0.2,,,,,,,,,,,,,,,,,,,,,,,0.0
Sep-1973,,,,,,,,,,,,,,,,,,,,,,,,,,,,,1.0,,,,,,,,,,,,,,,,,,,,,,,0.0
Dec-1973,,,,,,,,,,,,,,,,,,,,,,,,,,,,,2.5,,,,,,,,,,,,,,,,,,,,,,,0.0
Mar-1974,,,,,,,,,,,,,,,,,,,,,,,,,,,,,0.0,,,,,,,,,,,,,,,,,,,,,,,0.0
Jun-1974,,,,,,,,,,,,,,,,,,,,,,,,,,,,,-2.1,,,,,,,,,,,,,,,,,,,,,,,0.0
Sep-1974,,,,,,,,,,,,,,,,,,,,,,,,,,,,,1.3,,,,,,,,,,,,,,,,,,,,,,,0.0
Dec-1974,,-0.6,0.0,0.0,0.0,0.0,0.1,0.1,-0.1,0.0,-0.1,0.0,0.0,0.0,-0.2,0.0,0.0,0.0,0.0,0.0,0.1,0.2,0.1,0.0,0.0,0.1,0.4,0.6,0.0,0.0,0.0,0.0,0.0,0.0,0.0,0.0,0.0,0.0,0.0,0.0,0.0,0.0,0.0,0.0,0.0,0.0,0.0,0.0,0.0,0.0,0.0,0.0
Mar-1975,,-1.4,0.0,0.0,0.1,0.0,0.1,-0.2,0.1,0.1,-0.1,0.0,0.0,0.0,-0.1,0.0,0.0,0.0,-0.1,0.0,0.1,0.1,0.1,0.0,0.0,0.1,-1.9,-0.3,0.4,0.0,0.0,0.0,0.0,0.0,0.0,0.0,0.0,0.0,0.0,0.0,0.0,0.0,0.0,0.0,0.0,0.0,0.0,0.0,0.0,0.0,0.0,0.0
Jun-1975,,0.0,0.1,0.0,0.0,0.1,-0.3,0.0,0.0,0.0,0.1,0.0,0.0,0.0,0.1,0.0,0.0,0.0,0.0,0.0,0.2,0.0,0.0,0.0,0.0,0.1,0.4,-0.1,3.2,0.0,0.0,0.0,0.0,0.0,0.0,0.0,0.0,0.0,0.0,0.0,0.0,0.0,0.0,0.0,0.0,0.0,0.0,0.0,0.0,0.0,0.0,0.0
Sep-1975,,0.6,0.0,0.0,0.0,-0.1,0.6,0.1,-0.1,-0.1,0.0,0.0,0.0,-0.1,-0.1,0.0,0.0,0.0,0.0,0.0,0.1,0.0,0.0,0.0,0.0,0.1,1.2,-0.2,-1.1,0.0,0.0,0.0,0.0,0.0,0.0,0.0,0.0,0.0,0.0,0.0,0.0,0.0,0.0,0.0,0.0,0.0,0.0,0.0,0.0,0.0,0.0,0.0
Dec-1975,,0.4,0.1,0.0,0.0,0.1,-0.1,0.0,-0.1,-0.1,0.0,0.0,0.0,0.0,0.0,0.0,0.0,0.0,0.0,0.0,0.0,0.1,0.1,0.0,0.0,0.1,1.0,0.0,-1.5,0.0,0.0,0.0,0.0,0.0,0.0,0.0,0.0,0.0,0.0,0.0,0.0,0.0,0.0,0.0,0.0,0.0,0.0,0.0,0.0,0.0,0.0,0.0
Mar-1976,,-0.7,0.0,0.0,0.0,0.1,-0.1,-0.1,0.1,0.0,0.0,0.0,0.0,0.0,0.0,0.0,0.0,0.0,0.0,0.0,0.0,0.1,0.0,0.0,0.0,0.1,-0.6,0.2,4.4,0.0,0.0,0.0,0.0,0.0,0.0,0.0,0.0,0.0,0.0,0.0,0.0,0.0,0.0,0.0,0.0,0.0,0.0,0.0,0.0,0.0,0.0,0.0
Jun-1976,,0.3,0.0,0.0,0.1,0.1,0.2,0.1,0.0,0.0,0.0,0.0,0.0,0.2,0.2,0.0,0.0,0.0,0.0,0.0,0.0,-0.1,0.0,0.0,0.0,0.1,1.8,0.1,0.3,0.0,0.0,0.0,0.0,0.0,0.0,0.0,0.0,0.0,0.0,0.0,0.0,0.0,0.0,0.0,0.0,0.0,0.0,0.0,0.0,0.0,0.0,0.0
Sep-1976,,0.2,0.0,0.0,0.0,0.1,0.3,0.2,0.0,0.1,0.0,0.0,0.0,-0.1,0.0,0.0,0.0,0.0,0.0,0.0,0.0,0.1,0.0,0.0,0.0,0.1,1.3,0.3,0.8,0.0,0.0,0.0,0.0,0.0,0.0,0.0,0.0,0.0,0.0,0.0,0.0,0.0,0.0,0.0,0.0,0.0,0.0,0.0,0.0,0.0,0.0,0.0
Dec-1976,,0.2,0.0,0.0,0.0,0.1,0.1,0.0,0.1,0.0,0.1,0.0,0.0,0.1,0.1,0.0,0.0,0.0,0.0,0.0,0.0,0.1,0.0,0.0,0.0,0.1,0.5,-0.3,0.8,0.0,0.0,0.0,0.0,0.0,0.0,0.0,0.0,0.0,0.0,0.0,0.0,0.0,0.0,0.0,0.0,0.0,0.0,0.0,0.0,0.0,0.0,0.0
Mar-1977,,-0.1,0.0,0.0,0.0,0.0,0.0,-0.2,-0.1,0.0,0.1,0.0,0.0,0.0,0.2,0.0,0.0,0.0,0.0,0.0,0.0,0.1,0.0,0.0,0.0,0.1,0.3,0.3,-0.6,0.0,0.0,0.0,0.0,0.0,0.0,0.0,0.0,0.0,0.0,0.0,0.0,0.0,0.0,0.0,0.0,0.0,0.0,0.0,0.0,0.0,0.0,0.0
Jun-1977,,0.1,0.0,0.0,0.0,0.0,0.1,0.0,0.0,0.1,0.0,0.0,0.0,0.0,-0.1,0.0,0.0,0.0,0.0,0.0,0.0,-0.1,0.0,0.0,0.0,0.1,0.4,-0.1,1.4,0.0,0.0,0.0,0.0,0.0,0.0,0.0,0.0,0.0,0.0,0.0,0.0,0.0,0.0,0.0,0.0,0.0,0.0,0.0,0.0,0.0,0.0,0.0
Sep-1977,,-0.2,0.0,0.0,-0.1,0.0,-0.2,0.0,0.0,0.0,0.0,0.0,0.0,0.2,0.2,0.0,0.0,0.0,0.0,0.0,0.0,0.1,0.1,0.0,0.0,0.1,0.0,-0.1,-0.4,0.0,0.0,0.0,0.0,0.0,0.0,0.0,0.0,0.0,0.0,0.0,0.0,0.0,0.0,0.0,0.0,0.0,0.0,0.0,0.0,0.0,0.0,0.0
Dec-1977,0.0,-0.1,0.0,0.0,0.1,0.0,-0.2,0.0,0.0,0.1,0.1,0.0,0.0,0.0,0.1,0.0,0.0,0.0,0.0,0.0,0.0,0.2,0.1,0.0,0.0,0.1,-0.2,0.0,-0.3,0.0,0.0,0.0,0.0,0.0,0.0,0.0,0.0,0.0,0.0,0.0,0.0,0.0,0.0,0.0,0.0,0.0,0.0,0.0,0.0,0.0,0.0,0.0
Mar-1978,-0.1,0.0,0.0,0.0,-0.2,-0.1,0.3,-0.2,0.0,0.0,0.1,0.0,0.0,-0.1,0.1,0.0,0.0,0.0,0.0,0.0,0.0,0.2,0.1,0.0,0.0,0.1,0.7,0.0,0.7,0.0,0.0,0.0,0.0,0.0,0.0,0.0,0.0,0.0,0.0,0.0,0.0,0.0,0.0,0.0,0.0,0.0,0.0,0.0,0.0,0.0,0.0,0.0
Jun-1978,0.1,0.3,0.0,0.0,0.1,0.1,0.0,0.1,0.1,0.0,0.1,0.0,0.0,0.0,0.2,0.0,0.0,0.0,0.0,0.0,0.0,0.4,0.1,0.0,0.0,0.1,1.5,0.2,0.8,0.0,0.0,0.0,0.0,0.0,0.0,0.0,0.0,0.0,0.0,0.0,0.0,0.0,0.0,0.0,0.0,0.0,0.0,0.0,0.0,0.0,0.0,0.0
Sep-1978,-0.1,0.0,0.0,0.0,0.0,0.0,-0.1,0.1,0.0,0.0,0.0,0.0,0.0,0.0,-0.1,0.0,0.1,0.0,0.0,0.0,0.1,-0.1,0.1,0.0,0.0,0.1,1.7,0.1,1.5,0.0,0.0,0.0,0.0,0.0,0.0,0.0,0.0,0.0,0.0,0.0,0.0,0.0,0.0,0.0,0.0,0.0,0.0,0.0,0.0,0.0,0.0,0.0
Dec-1978,0.0,0.2,0.0,0.0,0.0,0.0,0.2,0.1,0.0,-0.2,0.0,0.0,0.0,0.1,0.0,0.0,0.1,0.0,0.1,0.0,0.0,-0.1,0.0,0.0,0.0,0.1,1.3,-0.1,0.8,0.0,0.0,0.0,0.0,0.0,0.0,0.0,0.0,0.0,0.0,0.0,0.0,0.0,0.0,0.0,0.0,0.0,0.0,0.0,0.0,0.0,0.0,0.0
Mar-1979,0.1,0.2,0.0,0.0,0.1,0.1,0.1,-0.1,0.0,0.0,-0.1,0.0,0.0,-0.1,-0.2,0.0,0.1,0.1,0.1,0.1,0.0,0.3,0.0,0.0,0.0,0.1,0.5,0.1,2.7,0.0,0.0,0.0,0.0,0.0,0.0,0.0,0.0,0.0,0.0,0.0,0.0,0.0,0.0,0.0,0.0,0.0,0.0,0.0,0.0,0.0,0.0,0.0
Jun-1979,0.1,0.1,0.0,0.0,0.0,0.0,0.1,0.1,0.0,0.0,0.0,0.0,0.0,0.1,0.0,0.0,0.1,0.0,0.1,0.0,0.0,0.2,0.0,0.0,0.0,0.1,0.7,0.2,-1.6,0.0,0.0,0.0,0.0,0.0,0.0,0.0,0.0,0.0,0.0,0.0,0.0,0.0,0.0,0.0,0.0,0.0,0.0,0.0,0.0,0.0,0.0,0.0
Sep-1979,0.1,0.3,0.0,0.0,0.0,0.1,0.0,0.0,0.1,0.0,0.0,0.0,0.1,0.0,-0.1,0.0,0.1,0.0,0.0,0.0,-0.1,0.1,0.0,0.0,0.0,0.1,0.4,-0.1,1.0,0.0,0.0,0.0,0.0,0.0,0.0,0.0,0.0,0.0,0.0,0.0,0.0,0.0,0.0,0.0,0.0,0.0,0.0,0.0,0.0,0.0,0.0,0.0
Dec-1979,0.0,-0.1,0.0,0.0,0.0,0.1,0.0,0.2,0.0,0.0,0.3,0.0,0.0,0.1,0.6,0.0,0.1,0.0,0.0,0.0,-0.1,0.1,0.1,0.0,0.1,0.1,1.3,0.1,1.9,0.0,0.0,0.0,0.0,0.0,0.0,0.0,0.0,0.0,0.0,0.0,0.0,0.0,0.0,0.0,0.0,0.0,0.0,0.0,0.0,0.0,0.0,0.0
Mar-1980,0.0,0.3,0.0,0.0,0.0,0.0,0.0,0.0,0.1,0.0,-0.3,0.0,0.0,0.0,-0.5,0.0,0.0,0.0,0.0,0.0,0.0,0.1,-0.1,0.0,0.1,0.1,-0.4,-0.2,0.4,0.0,0.0,0.0,0.0,0.0,0.0,0.0,0.0,0.0,0.0,0.0,0.0,0.0,0.0,0.0,0.0,0.0,0.0,0.0,0.0,0.0,0.0,0.0
Jun-1980,-0.1,-0.3,0.0,0.0,0.0,0.0,0.1,-0.1,0.0,0.0,0.1,0.0,0.0,-0.1,0.1,0.0,0.0,0.1,0.2,0.1,0.1,-0.1,0.1,0.0,0.0,0.1,0.0,-0.3,0.2,0.0,0.0,0.0,0.0,0.0,0.0,0.0,0.0,0.0,0.0,0.0,0.0,0.0,0.0,0.0,0.0,0.0,0.0,0.0,0.0,0.0,0.0,0.0
Sep-1980,0.0,0.1,0.0,0.0,0.0,0.1,0.4,0.1,0.2,0.0,0.2,0.0,0.0,0.1,0.3,0.0,-0.1,0.0,0.0,0.0,0.0,0.2,0.0,0.0,0.0,0.1,1.5,0.6,0.6,0.0,0.0,0.0,0.0,0.0,0.0,0.0,0.0,0.0,0.0,0.0,0.0,0.0,0.0,0.0,0.0,0.0,0.0,0.0,0.0,0.0,0.0,0.0
Dec-1980,0.0,0.4,0.1,0.0,0.0,0.1,0.1,0.0,0.1,0.0,0.0,0.0,0.0,0.0,0.0,0.0,0.3,0.1,0.1,0.1,0.2,0.1,0.0,0.0,0.0,0.1,1.6,-0.3,1.7,0.0,0.0,0.0,0.0,0.0,0.0,0.0,0.0,0.0,0.0,0.0,0.0,0.0,0.0,0.0,0.0,0.0,0.0,0.0,0.0,0.0,0.0,0.0
Mar-1981,0.0,0.0,0.0,0.0,-0.1,0.0,-0.1,-0.1,0.0,0.0,0.0,0.0,0.0,0.0,-0.1,0.0,0.1,0.1,0.1,0.1,0.1,-0.1,0.1,0.0,0.0,0.1,0.3,0.4,0.4,0.0,0.0,0.0,0.0,0.0,0.0,0.0,0.0,0.0,0.0,0.0,0.0,0.0,0.0,0.0,0.0,0.0,0.0,0.0,0.0,0.0,0.0,0.0
Jun-1981,0.1,-0.1,0.0,0.0,0.0,0.0,-0.1,0.0,0.1,0.0,0.1,0.0,0.0,-0.1,0.0,0.0,0.1,0.0,0.1,0.0,0.0,0.0,0.0,0.0,0.0,0.1,0.4,-0.1,1.5,0.0,0.0,0.0,0.0,0.0,0.0,0.0,0.0,0.0,0.0,0.0,0.0,0.0,0.0,0.0,0.0,0.0,0.0,0.0,0.0,0.0,0.0,0.0
Sep-1981,0.0,0.2,0.0,0.0,0.0,0.1,0.5,0.1,0.0,0.0,0.0,0.0,0.0,-0.1,-0.1,0.0,-0.1,0.0,0.1,0.0,0.2,0.0,0.0,0.0,0.0,0.1,1.5,0.1,2.1,0.0,0.0,0.0,0.0,0.0,0.0,0.0,0.0,0.0,0.0,0.0,0.0,0.0,0.0,0.0,0.0,0.0,0.0,0.0,0.0,0.0,0.0,0.0
Dec-1981,0.0,0.2,0.0,0.0,0.0,0.0,0.0,0.1,0.0,0.0,0.0,0.0,0.0,0.1,0.1,0.0,-0.2,0.1,0.1,0.1,-0.2,0.1,0.0,0.0,0.0,0.0,1.0,0.4,-0.4,0.0,0.0,0.0,0.0,0.0,0.0,0.0,0.0,0.0,0.0,0.0,0.0,0.0,0.0,0.0,0.0,0.0,0.0,0.0,0.0,0.0,0.0,0.0
Mar-1982,0.0,-0.1,0.0,0.0,0.1,0.1,0.1,0.1,0.0,0.0,0.0,0.0,0.0,0.1,0.1,0.0,0.2,0.1,0.1,0.1,0.1,-0.1,0.2,0.0,0.0,0.1,0.8,-0.1,-0.8,0.0,0.0,0.0,0.0,0.0,0.0,0.0,0.0,0.0,0.0,0.0,0.0,0.0,0.0,0.0,0.0,0.0,0.0,0.0,0.0,0.0,0.0,0.0
Jun-1982,0.0,0.0,0.0,0.0,0.1,0.1,-0.4,-0.1,0.1,0.0,0.0,0.0,0.0,0.1,0.1,0.0,0.0,-0.1,-0.1,-0.1,-0.1,0.0,0.0,0.0,0.0,0.1,0.2,0.1,0.9,0.0,0.0,0.0,0.0,0.0,0.0,0.0,0.0,0.0,0.0,0.0,0.0,0.0,0.0,0.0,0.0,0.0,0.0,0.0,0.0,0.0,0.0,0.0
Sep-1982,0.0,-0.3,0.0,0.0,0.0,0.0,-0.1,-0.2,-0.1,0.0,-0.1,0.0,0.0,-0.2,-0.2,0.0,0.0,0.0,0.0,0.0,-0.1,0.0,0.1,0.0,0.0,0.1,-1.9,-0.5,-0.6,0.0,0.0,0.0,0.0,0.0,0.0,0.0,0.0,0.0,0.0,0.0,0.0,0.0,0.0,0.0,0.0,0.0,0.0,0.0,0.0,0.0,0.0,0.0
Dec-1982,-0.4,-1.0,0.0,0.0,0.0,0.0,-0.4,-0.1,0.1,0.0,0.0,0.0,0.0,-0.1,-0.1,0.0,-0.1,-0.1,-0.1,-0.1,0.1,-0.1,0.0,0.0,0.0,0.1,-2.3,-0.1,-1.6,0.0,0.0,0.0,0.0,0.0,0.0,0.0,0.0,0.0,0.0,0.0,0.0,0.0,0.0,0.0,0.0,0.0,0.0,0.0,0.0,0.0,0.0,0.0
Mar-1983,-0.1,-0.3,0.0,0.0,-0.1,-0.1,-0.3,-0.3,0.0,0.0,0.1,0.0,0.0,0.0,0.2,0.0,0.0,-0.1,-0.1,-0.1,0.0,0.0,-0.1,0.0,0.0,0.1,-1.2,-0.3,-1.0,0.0,0.0,0.0,0.0,0.0,0.0,0.0,0.0,0.0,0.0,0.0,0.0,0.0,0.0,0.0,0.0,0.0,0.0,0.0,0.0,0.0,0.0,0.0
Jun-1983,0.0,0.4,0.0,0.0,0.0,0.0,0.0,0.0,0.0,0.1,0.0,0.0,0.0,0.0,-0.1,0.0,0.1,0.1,0.1,0.1,0.1,0.0,0.0,0.0,0.0,0.0,1.0,0.3,-0.2,0.0,0.0,0.0,0.0,0.0,0.0,0.0,0.0,0.0,0.0,0.0,0.0,0.0,0.0,0.0,0.0,0.0,0.0,0.0,0.0,0.0,0.0,0.0
Sep-1983,0.1,-0.1,0.0,0.0,0.0,0.1,-0.1,0.2,0.1,0.0,-0.1,0.0,0.0,0.0,0.0,0.0,0.1,-0.1,-0.1,-0.1,0.2,0.2,0.1,0.0,0.0,0.1,2.5,0.3,3.1,0.0,0.0,0.0,0.0,0.0,0.0,0.0,0.0,0.0,0.0,0.0,0.0,0.0,0.0,0.0,0.0,0.0,0.0,0.0,0.0,0.0,0.0,0.0
Dec-1983,0.0,0.2,0.1,0.0,0.0,0.1,0.4,0.1,0.1,0.0,0.0,0.0,0.1,0.2,0.1,0.1,0.1,0.0,0.1,0.1,0.1,-0.1,0.1,0.0,0.0,0.1,1.6,0.1,1.5,0.0,0.0,0.0,0.0,0.0,0.0,0.0,0.0,0.0,0.0,0.0,0.0,0.0,0.0,0.0,0.0,0.0,0.0,0.0,0.0,0.0,0.0,0.0
Mar-1984,0.0,0.3,0.0,0.0,0.0,0.1,-0.1,0.1,0.1,-0.1,0.1,0.0,0.1,0.1,0.4,0.0,0.0,0.0,0.0,0.0,0.1,0.1,0.0,0.0,0.0,0.1,1.4,0.3,2.4,0.0,0.0,0.0,0.0,0.0,0.0,0.0,0.0,0.0,0.0,0.0,0.0,0.0,0.0,0.0,0.0,0.0,0.0,0.0,0.0,0.0,0.0,0.0
Jun-1984,0.0,-0.1,0.0,0.0,0.1,0.1,0.4,0.0,0.0,0.0,-0.1,0.0,0.0,0.1,0.0,0.0,-0.1,0.1,0.1,0.1,0.1,0.3,0.1,0.0,0.0,0.1,1.4,0.0,1.0,0.0,0.0,0.0,0.0,0.0,0.0,0.0,0.0,0.0,0.0,0.0,0.0,0.0,0.0,0.0,0.0,0.0,0.0,0.0,0.0,0.0,0.0,0.0
Sep-1984,0.1,0.5,0.1,0.0,0.0,0.1,-0.1,0.2,0.1,0.0,0.1,0.0,0.0,0.0,0.1,0.0,0.2,0.1,0.2,0.1,0.1,0.0,0.1,0.0,0.0,0.0,1.7,0.4,0.9,0.0,0.0,0.0,0.0,0.0,0.0,0.0,0.0,0.0,0.0,0.0,0.0,0.0,0.0,0.0,0.0,0.0,0.0,0.0,0.0,0.0,0.0,0.0
Dec-1984,0.0,-0.5,0.0,0.0,0.1,0.0,0.2,0.0,0.1,0.0,0.0,0.0,0.0,0.0,0.0,0.0,0.0,0.0,0.0,0.0,0.0,0.0,0.1,0.0,0.0,0.1,0.3,-0.1,0.7,0.0,0.0,0.0,0.0,0.0,0.0,0.0,0.0,0.0,0.0,0.0,0.0,0.0,0.0,0.0,0.0,0.0,0.0,0.0,0.0,0.0,0.0,0.0
Mar-1985,0.0,0.4,0.1,0.0,0.0,0.1,0.2,0.1,0.1,0.1,0.0,0.0,0.0,0.0,0.0,0.0,0.2,0.0,0.0,0.0,0.0,0.0,0.1,0.0,0.0,0.1,1.6,0.2,1.5,0.0,0.0,0.0,0.0,0.0,0.0,0.0,0.0,0.0,0.0,0.0,0.0,0.0,0.0,0.0,0.0,0.0,0.0,0.0,0.0,0.0,0.0,0.0
Jun-1985,0.0,0.4,0.0,0.0,0.0,0.0,-0.2,0.0,0.0,0.0,0.0,0.0,0.1,0.0,0.1,0.0,0.1,0.0,0.1,0.0,0.1,-0.1,0.0,0.0,0.0,0.1,1.2,0.1,2.3,0.0,0.0,0.0,0.0,0.0,0.0,0.0,0.0,0.0,0.0,0.0,0.0,0.0,0.0,0.0,0.0,0.0,0.0,0.0,0.0,0.0,0.0,0.0
Sep-1985,-0.1,-0.1,0.0,0.0,0.0,0.1,0.4,-0.1,0.0,0.0,0.1,0.0,0.0,0.0,0.1,0.1,0.0,0.1,0.1,0.1,0.1,0.2,0.1,0.0,0.0,0.1,1.5,0.1,1.3,0.0,0.0,0.0,0.0,0.0,0.0,0.0,0.0,0.0,0.0,0.0,0.0,0.0,0.0,0.0,0.0,0.0,0.0,0.0,0.0,0.0,0.0,0.0
Dec-1985,0.1,0.0,0.0,0.0,0.0,0.0,0.0,0.1,0.1,0.0,0.1,0.0,0.0,0.0,0.1,0.0,0.1,0.1,0.2,0.1,0.1,0.3,0.1,0.0,0.0,0.1,0.5,0.0,-0.2,0.0,0.0,0.0,0.0,0.0,0.0,0.0,0.0,0.0,0.0,0.0,0.0,0.0,0.0,0.0,0.0,0.0,0.0,0.0,0.0,0.0,0.0,0.0
Mar-1986,-0.1,-0.2,0.0,0.0,0.1,0.1,-0.1,0.0,-0.2,0.0,-0.1,0.0,0.0,0.0,-0.1,0.0,0.3,0.0,0.1,0.0,0.1,-0.4,0.1,0.0,0.0,0.1,0.0,-0.1,0.6,0.0,0.0,0.0,0.0,0.0,0.0,0.0,0.0,0.0,0.0,0.0,0.0,0.0,0.0,0.0,0.0,0.0,0.0,0.0,0.0,0.0,0.0,0.0
Jun-1986,-0.1,-0.1,0.1,0.0,0.0,0.1,0.0,-0.1,0.1,0.0,0.0,0.0,0.0,0.0,0.1,0.0,0.3,0.0,0.0,0.0,0.1,0.2,0.0,0.0,0.0,0.1,-0.4,-0.4,-0.1,0.0,0.0,0.0,0.0,0.0,0.0,0.0,0.0,0.0,0.0,0.0,0.0,0.0,0.0,0.0,0.0,0.0,0.0,0.0,0.0,0.0,0.0,0.0
Sep-1986,0.2,0.4,0.0,0.0,-0.1,0.0,-0.1,0.1,0.0,0.0,0.0,0.0,0.0,0.0,0.0,0.0,0.3,0.1,0.1,0.1,0.0,0.3,0.0,0.0,0.0,0.1,0.8,0.0,0.3,0.0,0.0,0.0,0.0,0.0,0.0,0.0,0.0,0.0,0.0,0.0,0.0,0.0,0.0,0.0,0.0,0.0,0.0,0.0,0.0,0.0,0.0,0.1
Dec-1986,-0.2,-0.1,0.0,0.0,-0.1,0.0,-0.1,-0.1,-0.1,0.0,0.0,0.0,0.0,0.0,0.1,0.0,0.4,0.1,0.1,0.1,0.0,0.0,0.0,0.0,0.0,0.1,0.2,0.2,1.7,0.0,0.0,0.0,0.0,0.0,0.0,0.0,0.0,0.0,0.0,0.0,0.0,0.0,0.0,0.0,0.0,0.0,0.0,0.0,0.0,0.0,0.0,0.0
Mar-1987,0.1,0.1,0.0,0.0,0.1,0.1,0.0,0.0,0.0,0.0,0.0,0.0,0.0,0.0,0.0,0.0,0.2,0.0,-0.1,-0.1,0.1,-0.4,0.0,0.0,0.0,0.1,1.3,0.0,0.9,0.0,0.0,0.0,0.0,0.0,0.0,0.0,0.0,0.0,0.0,0.0,0.0,0.0,0.0,0.0,0.0,0.0,0.0,0.0,0.0,0.0,0.0,0.0
Jun-1987,0.0,0.4,0.1,0.0,0.0,0.1,0.2,0.1,0.0,0.0,0.0,0.0,0.0,0.0,0.0,0.1,0.3,0.2,0.2,0.1,0.1,0.5,0.1,0.0,0.0,0.1,1.4,0.2,1.6,0.0,0.0,0.0,0.0,0.0,0.0,0.0,0.0,0.0,0.0,0.0,0.0,0.0,0.0,0.0,0.0,0.0,0.0,0.0,0.0,0.0,0.0,0.0
Sep-1987,0.0,0.1,0.0,0.0,0.0,0.1,0.1,0.1,0.1,0.1,0.0,0.0,0.0,0.0,0.1,0.0,0.4,0.1,0.1,0.1,0.2,0.0,0.1,0.0,0.0,0.1,1.7,0.1,1.8,0.0,0.0,0.0,0.0,0.0,0.0,0.0,0.0,0.0,0.0,0.0,0.0,0.0,0.0,0.0,0.0,0.0,0.0,0.0,0.0,0.0,0.0,0.0
Dec-1987,0.0,0.3,0.0,0.0,0.0,0.1,0.3,0.1,0.0,0.1,0.0,0.0,0.0,0.1,0.1,0.0,0.2,0.0,-0.1,-0.1,0.1,0.0,0.0,0.0,0.1,0.1,2.3,-0.1,2.0,0.0,0.0,0.0,0.0,0.0,0.0,0.0,0.0,0.0,0.0,0.0,0.0,0.0,0.0,0.0,0.0,0.0,0.0,0.0,0.0,0.0,0.0,0.0
Mar-1988,0.0,0.2,0.0,0.0,0.0,0.0,0.1,0.1,0.0,0.0,0.0,0.0,0.0,0.0,0.0,0.1,0.0,0.1,0.2,0.1,0.1,0.0,0.0,0.0,0.0,0.1,1.0,0.3,0.4,0.0,0.0,0.0,0.0,0.0,0.0,0.0,0.0,0.0,0.0,0.0,0.0,0.0,0.0,0.0,0.0,0.0,0.0,0.0,0.0,0.0,0.0,0.0
Jun-1988,0.1,-0.1,0.0,0.0,0.0,0.0,0.1,0.1,0.0,0.0,0.0,0.0,0.0,0.0,0.0,0.0,0.0,0.0,0.1,0.1,0.0,0.0,0.1,0.0,0.0,0.1,0.5,0.1,0.2,0.0,0.0,0.0,0.0,0.0,0.0,0.0,0.0,0.0,0.0,0.0,0.0,0.0,0.0,0.0,0.0,0.0,0.0,0.0,0.0,0.0,0.0,0.0
Sep-1988,0.0,0.2,0.0,0.0,0.0,0.0,0.2,0.1,0.0,0.1,0.0,0.0,0.0,0.1,0.1,0.1,-0.3,0.0,0.0,0.1,0.0,0.0,0.2,0.0,0.0,0.1,1.2,0.1,0.9,0.0,0.0,0.0,0.0,0.0,0.0,0.0,0.0,0.0,0.0,0.0,0.0,0.0,0.0,0.0,0.0,0.0,0.0,0.0,0.0,0.0,0.0,0.1
Dec-1988,0.1,0.6,0.1,0.0,0.0,0.1,0.1,0.1,0.1,-0.1,0.1,0.0,0.0,0.0,0.1,0.0,0.0,0.0,0.1,0.1,0.1,0.0,0.0,0.0,0.0,0.1,1.7,0.1,1.3,0.0,0.0,0.0,0.0,0.0,0.0,0.0,0.0,0.0,0.0,0.0,0.0,0.0,0.0,0.0,0.0,0.0,0.0,0.0,0.0,0.0,0.0,-0.1
Mar-1989,0.0,-0.2,0.1,0.0,0.0,0.1,0.3,0.1,0.0,0.2,-0.1,0.0,0.0,0.0,-0.1,-0.1,0.1,0.0,0.1,0.1,-0.1,0.1,0.2,0.0,0.1,0.1,0.5,0.3,1.2,0.0,0.0,0.0,0.0,0.0,0.0,0.0,0.0,0.0,0.0,0.0,0.0,0.0,0.0,0.0,0.0,0.0,0.0,0.0,0.0,0.0,0.0,0.0
Jun-1989,0.2,0.2,0.0,0.0,0.0,0.0,0.2,0.1,0.0,0.0,0.0,0.0,0.0,0.0,0.1,0.1,0.1,0.1,0.1,0.0,0.0,0.1,-0.1,0.0,0.0,0.1,1.5,0.2,2.0,0.0,0.0,0.0,0.0,0.0,0.0,0.0,0.0,0.0,0.0,0.0,0.0,0.0,0.0,0.0,0.0,0.0,0.0,0.0,0.0,0.0,0.0,0.0
Sep-1989,-0.1,-0.3,0.1,0.0,0.1,0.1,0.1,0.0,0.0,0.0,0.1,-0.1,0.0,0.0,0.0,0.1,0.2,0.1,0.1,0.0,-0.1,0.2,-0.1,0.0,0.1,0.1,1.1,-0.1,0.9,0.0,0.0,0.0,0.0,0.0,0.0,0.0,0.0,0.0,0.0,0.0,0.0,0.0,0.0,0.0,0.0,0.0,0.0,0.0,0.0,0.0,0.0,0.0
Dec-1989,0.0,-0.1,0.0,0.0,0.0,0.0,-0.2,-0.1,0.0,0.0,0.0,0.0,0.0,0.0,0.0,0.0,0.1,0.1,0.1,0.1,0.0,0.1,0.1,0.0,0.0,0.1,0.2,0.0,-0.4,0.0,0.0,0.0,0.0,0.0,0.0,0.0,0.0,0.0,0.0,0.0,0.0,0.0,0.0,0.0,0.0,0.0,0.0,0.0,0.0,0.0,0.0,0.0
Mar-1990,0.0,0.1,0.0,0.0,0.0,0.1,-0.1,0.0,0.1,0.1,0.0,0.1,0.0,0.1,0.2,0.0,0.0,0.0,0.0,0.0,0.0,0.1,0.1,0.0,0.0,0.1,1.1,-0.1,0.9,0.0,0.0,0.0,0.0,0.0,0.0,0.0,0.0,0.0,0.0,0.0,0.0,0.0,0.0,0.0,0.0,0.0,0.0,0.0,0.0,0.0,0.0,0.0
Jun-1990,0.0,-0.1,0.0,0.0,0.0,0.0,-0.3,-0.1,0.0,0.0,0.0,0.0,0.0,0.0,0.0,0.1,-0.1,0.0,0.0,0.0,0.0,0.0,0.1,0.0,0.0,0.1,-0.1,0.0,0.1,0.0,0.0,0.0,0.0,0.0,0.0,0.0,0.0,0.0,0.0,0.0,0.0,0.0,0.0,0.0,0.0,0.0,0.0,0.0,0.0,0.0,0.0,0.0
Sep-1990,0.0,-0.1,0.0,0.0,0.0,0.0,0.2,-0.1,0.0,0.0,0.0,0.0,0.0,0.0,0.0,0.0,0.0,0.0,-0.1,0.0,0.0,0.0,0.0,0.0,0.0,0.1,0.1,-0.2,-0.5,0.0,0.0,0.0,0.0,0.0,0.0,0.0,0.0,0.0,0.0,0.0,0.0,0.0,0.0,0.0,0.0,0.0,0.0,0.0,0.0,0.0,0.0,0.0
Dec-1990,0.0,0.0,0.0,0.0,0.1,0.0,-0.1,-0.1,-0.1,-0.1,0.0,0.0,0.0,0.0,-0.1,0.0,-0.1,0.1,0.1,0.1,0.0,0.0,0.1,0.0,0.0,0.1,-0.1,0.2,0.6,0.0,0.0,0.0,0.0,0.0,0.0,0.0,0.0,0.0,0.0,0.0,0.0,0.0,0.0,0.0,0.0,0.0,0.0,0.0,0.0,0.0,0.0,0.0
Mar-1991,-0.1,-0.2,0.0,0.0,0.0,0.0,-0.3,-0.1,0.0,0.0,0.0,0.0,0.0,0.0,0.0,0.1,0.1,0.0,0.0,0.0,0.1,0.0,0.1,0.0,0.0,0.1,-0.8,-0.1,-1.3,0.0,0.0,0.0,0.0,0.0,0.0,0.0,0.0,0.0,0.0,0.0,0.0,0.0,0.0,0.0,0.0,0.0,0.0,0.0,0.0,0.0,0.0,0.0
Jun-1991,0.1,-0.1,0.0,0.0,0.0,0.0,-0.2,0.0,0.0,0.0,0.0,0.0,0.0,0.0,0.1,0.0,0.1,0.0,0.1,0.1,0.0,0.0,0.0,0.0,0.0,0.1,0.0,-0.2,-0.1,0.0,0.0,0.0,0.0,0.0,0.0,0.0,0.0,0.0,0.0,0.0,0.0,0.0,0.0,0.0,0.0,0.0,0.0,0.0,0.0,0.0,0.0,0.0
Sep-1991,0.0,0.0,0.0,0.0,0.0,0.0,-0.2,0.0,0.1,0.0,0.0,0.0,0.0,0.0,0.1,0.0,0.1,-0.1,0.1,0.0,0.1,0.0,0.1,0.0,0.0,0.1,-0.2,0.1,0.3,0.0,0.0,0.0,0.0,0.0,0.0,0.0,0.0,0.0,0.0,0.0,0.0,0.0,0.0,0.0,0.0,0.0,0.0,0.0,0.0,0.0,0.0,0.0
Dec-1991,0.0,-0.1,0.0,0.0,0.0,0.0,0.0,0.0,0.0,0.0,0.0,0.0,0.0,0.0,0.0,0.0,0.1,0.0,0.0,0.0,0.1,0.0,-0.1,0.0,0.0,0.1,-0.3,0.0,0.2,0.0,0.0,0.0,0.0,0.0,0.0,0.0,0.0,0.0,0.0,0.0,0.0,0.0,0.0,0.0,0.0,0.0,0.0,0.0,0.0,0.0,0.0,0.0
Mar-1992,-0.1,-0.1,0.0,0.0,0.0,0.0,0.1,0.1,0.0,0.0,0.1,0.0,0.0,-0.1,0.0,0.0,0.0,0.0,0.0,0.0,0.0,0.1,0.0,0.0,0.0,0.1,1.2,0.0,0.9,0.0,0.0,0.0,0.0,0.0,0.0,0.0,0.0,0.0,0.0,0.0,0.0,0.0,0.0,0.0,0.0,0.0,0.0,0.0,0.0,0.0,0.0,0.1
Jun-1992,0.0,0.0,0.0,0.0,0.0,0.0,0.0,-0.1,0.0,0.0,-0.1,0.0,0.0,0.0,-0.1,0.0,0.2,0.1,0.0,0.0,0.0,0.1,0.0,0.0,0.0,0.1,0.3,0.1,0.7,0.0,0.0,0.0,0.0,0.0,0.0,0.0,0.0,0.0,0.0,0.0,0.0,0.0,0.0,0.0,0.0,0.0,0.0,0.0,0.0,0.0,0.0,0.0
Sep-1992,0.1,0.0,0.0,0.0,0.0,0.1,0.1,0.0,0.0,0.0,0.0,0.0,0.0,0.0,-0.1,0.1,0.0,0.1,-0.1,0.0,0.0,0.2,0.0,0.0,0.0,0.1,0.4,0.1,0.9,0.0,0.0,0.0,0.0,0.0,0.0,0.0,0.0,0.0,0.0,0.0,0.0,0.0,0.0,0.0,0.0,0.0,0.0,0.0,0.0,0.0,0.0,0.0
Dec-1992,0.0,0.3,0.0,0.0,-0.1,-0.1,0.2,0.0,0.0,0.0,0.0,0.0,0.0,0.1,0.1,0.1,0.1,0.1,0.0,0.0,0.1,0.1,0.1,0.0,0.0,0.1,1.6,0.0,2.0,0.0,0.0,0.0,0.0,0.0,0.0,0.0,0.0,0.0,0.0,0.0,0.0,0.0,0.0,0.0,0.0,0.0,0.0,0.0,0.0,0.0,0.0,0.0
Mar-1993,0.0,0.1,0.1,0.0,0.1,0.1,0.2,0.0,0.0,0.0,0.0,0.0,0.0,0.0,0.0,0.1,0.1,0.0,-0.1,0.0,0.1,0.1,0.0,0.0,0.0,0.1,1.5,0.1,0.9,0.0,0.0,0.0,0.0,0.0,0.0,0.0,0.0,0.0,0.0,0.0,0.0,0.0,0.0,0.0,0.0,0.0,0.0,0.0,0.0,0.0,0.0,0.0
Jun-1993,0.0,0.1,0.0,0.0,0.1,0.1,0.1,0.0,0.1,0.0,0.0,0.0,0.0,0.0,0.1,0.1,0.2,0.0,0.0,0.0,0.0,0.0,0.1,0.0,0.0,0.1,0.3,0.0,0.5,0.0,0.0,0.0,0.0,0.0,0.0,0.0,0.0,0.0,0.0,0.0,0.0,0.0,0.0,0.0,0.0,0.0,0.0,0.0,0.0,0.0,0.0,0.0
Sep-1993,0.0,-0.1,0.0,0.0,0.0,-0.1,0.0,0.1,0.0,0.0,0.0,0.0,0.0,0.0,0.1,0.0,0.3,0.0,0.0,0.0,0.0,0.0,0.1,0.0,0.0,0.1,0.6,0.1,0.2,0.0,0.0,0.0,0.0,0.0,0.0,0.0,0.0,0.0,0.0,0.0,0.0,0.0,0.0,0.0,0.0,0.0,0.0,0.0,0.0,0.0,0.0,0.1
Dec-1993,0.1,0.3,0.1,0.0,0.0,0.1,-0.1,0.1,0.1,0.1,0.0,0.0,0.0,0.0,0.1,0.0,0.2,0.0,0.1,0.0,0.0,0.0,0.0,0.0,0.0,0.1,1.0,0.2,1.8,0.0,0.0,0.0,0.0,0.0,0.0,0.0,0.0,0.0,0.0,0.0,0.0,0.0,0.0,0.0,0.0,0.0,0.0,0.0,0.0,0.0,0.0,0.0
Mar-1994,0.1,0.1,-0.1,0.0,0.0,-0.1,0.2,0.1,0.0,0.1,0.0,0.0,0.0,0.0,-0.1,0.0,0.0,0.1,0.3,0.2,0.1,0.0,-0.1,0.0,0.0,0.1,1.6,0.2,1.8,0.0,0.0,0.0,0.0,0.0,0.0,0.0,0.0,0.0,0.0,0.0,0.0,0.0,0.0,0.0,0.0,0.0,0.0,0.0,0.0,0.0,0.0,0.0
Jun-1994,0.0,0.1,0.0,0.0,0.0,0.0,0.3,0.1,0.0,0.1,0.1,0.0,0.0,0.0,0.1,0.0,0.0,0.1,0.2,0.1,0.1,0.0,0.1,0.0,0.0,0.1,1.0,0.1,1.1,0.0,0.0,0.0,0.0,0.0,0.0,0.0,0.0,0.0,0.0,0.0,0.0,0.0,0.0,0.0,0.0,0.0,0.0,0.0,0.0,0.0,0.0,0.0
Sep-1994,0.0,0.1,0.0,0.0,0.0,0.1,0.0,0.1,0.0,0.1,0.0,0.0,0.0,0.1,0.1,0.1,-0.1,0.1,0.3,0.2,0.2,0.0,0.2,0.0,0.0,0.1,1.4,0.5,1.0,0.0,0.0,0.0,0.0,0.0,0.0,0.0,0.0,0.0,0.0,0.0,0.0,0.0,0.0,0.0,0.0,0.0,0.0,0.0,0.0,0.0,0.0,0.0
Dec-1994,0.0,-0.1,0.0,0.0,0.0,0.0,0.1,0.1,0.0,0.0,0.0,0.0,0.0,0.0,0.1,0.0,-0.1,0.0,0.1,0.0,-0.2,0.0,0.0,0.0,0.0,0.1,0.0,-0.1,0.5,0.0,0.0,0.0,0.0,0.0,0.0,0.0,0.0,0.0,0.0,0.0,0.0,0.0,0.0,0.0,0.0,0.0,0.0,0.0,0.0,0.0,0.0,0.0
Mar-1995,0.0,-0.1,0.0,0.0,0.0,-0.1,-0.2,0.1,0.1,0.0,0.0,0.0,0.0,0.0,0.0,0.1,-0.1,0.1,0.2,0.1,0.0,0.0,0.1,0.0,0.0,0.1,0.2,0.1,0.2,0.0,0.0,0.0,0.0,0.0,0.0,0.0,0.0,0.0,0.0,0.0,0.0,0.0,0.0,0.0,0.0,0.0,0.0,0.0,0.0,0.0,0.0,0.0
Jun-1995,0.0,0.1,0.0,0.0,0.0,0.0,0.1,0.1,0.1,0.0,0.0,0.0,0.0,0.1,0.1,0.1,0.1,0.0,0.0,0.0,0.0,0.0,-0.1,0.0,0.0,0.0,1.0,0.1,0.7,0.0,0.0,0.0,0.0,0.0,0.0,0.0,0.0,0.0,0.0,0.0,0.0,0.0,0.0,0.0,0.0,0.0,0.0,0.0,0.0,0.0,0.0,0.0
Sep-1995,0.0,0.1,0.0,0.0,0.0,0.1,0.1,0.1,0.0,0.0,0.1,0.0,0.0,0.1,0.1,0.0,0.1,0.0,0.0,0.0,0.0,0.0,0.1,0.0,0.0,0.0,1.4,-0.1,1.8,0.0,0.0,0.0,0.0,0.0,0.0,0.0,0.0,0.0,0.0,0.0,0.0,0.0,0.0,0.0,0.0,0.0,0.0,0.0,0.0,0.0,0.0,0.0
Dec-1995,0.1,0.2,0.0,0.0,-0.1,0.0,0.1,0.1,0.1,0.0,0.0,0.0,0.0,0.0,0.1,0.0,0.1,0.1,0.0,0.0,0.1,0.0,0.1,0.0,0.0,0.1,1.1,0.1,0.5,0.0,0.0,0.0,0.0,0.0,0.0,0.0,0.0,0.0,0.0,0.0,0.0,0.0,0.0,-0.1,0.0,0.0,0.0,0.0,0.0,0.0,0.0,0.0
Mar-1996,0.0,0.2,0.0,0.0,0.0,0.0,-0.1,0.1,0.0,0.0,0.0,0.0,0.0,0.0,0.1,0.0,0.1,0.0,-0.1,-0.1,0.2,0.0,0.1,0.0,0.0,0.1,1.1,0.1,1.9,0.0,0.0,0.0,0.0,0.0,0.0,0.0,0.0,0.0,0.0,0.0,0.0,0.0,0.0,0.0,0.0,0.0,0.0,0.0,0.0,0.0,0.0,0.0
Jun-1996,0.0,-0.2,0.0,0.0,0.0,0.0,0.2,-0.1,0.1,0.0,0.0,0.0,0.0,0.0,0.0,0.1,0.0,0.1,0.1,0.0,-0.3,0.1,0.1,0.0,0.0,0.1,0.1,0.0,0.3,0.0,0.0,0.0,0.0,0.0,0.0,0.0,0.0,0.0,0.0,0.0,0.0,0.0,0.0,0.0,0.0,0.0,0.0,0.0,0.0,0.0,0.0,0.0
Sep-1996,0.0,0.2,0.0,0.0,0.0,0.0,0.1,0.1,0.1,0.0,0.0,0.0,0.0,0.0,0.0,0.0,0.1,0.0,0.0,0.0,0.2,0.1,-0.1,0.0,0.0,0.2,1.3,0.0,1.2,0.0,0.0,0.0,0.0,0.0,0.0,0.0,0.0,0.0,0.0,0.0,0.0,0.0,0.0,0.0,0.0,0.0,0.0,0.0,0.0,0.0,0.0,0.0
Dec-1996,-0.1,0.1,0.0,0.0,0.0,0.0,-0.2,0.1,0.0,0.1,0.0,0.0,0.0,0.0,0.1,0.1,0.1,0.0,0.1,0.0,0.1,0.1,0.0,0.0,0.0,0.1,1.1,0.1,0.6,0.0,0.0,0.0,0.0,0.0,0.0,0.0,0.0,0.0,0.0,0.0,0.0,0.0,0.0,0.0,0.0,0.0,0.0,0.0,0.0,0.0,0.0,0.0
Mar-1997,0.1,-0.1,0.0,0.0,0.0,0.0,0.1,0.0,0.1,0.1,-0.1,0.0,0.0,0.0,0.0,0.0,0.1,0.1,0.2,0.1,0.3,0.0,-0.1,0.0,0.0,0.1,0.3,-0.1,0.4,0.0,0.0,0.0,0.0,0.0,0.0,0.0,0.0,0.0,0.0,0.0,0.0,0.0,0.0,0.0,0.0,0.0,0.0,0.0,0.0,0.0,0.0,0.0
Jun-1997,0.0,0.1,0.1,0.0,0.0,0.1,0.1,0.2,0.0,0.0,0.0,0.0,0.0,0.0,0.1,0.1,0.2,0.0,0.0,0.1,-0.2,0.0,0.4,0.0,0.0,0.1,1.8,0.5,3.0,0.0,0.0,0.0,0.0,0.0,0.0,0.0,0.0,0.0,0.0,0.0,0.0,0.0,0.0,-0.1,0.0,0.0,0.0,0.0,0.0,-0.1,0.0,0.0
Sep-1997,0.0,0.2,0.0,0.0,0.0,0.0,0.1,0.1,0.1,0.0,0.0,0.0,0.0,0.0,0.0,0.1,0.1,0.1,0.1,0.1,-0.1,0.0,-0.5,0.0,0.0,0.0,0.3,0.2,0.1,0.0,0.0,0.0,0.0,0.0,0.0,0.0,0.0,0.0,0.0,0.0,0.0,0.0,0.0,0.0,0.0,0.0,0.0,0.0,0.0,0.0,0.0,0.0
Dec-1997,0.0,0.0,0.0,0.0,0.0,0.1,0.3,-0.1,0.0,0.0,0.0,0.0,0.0,0.0,0.0,0.1,0.1,-0.1,-0.1,0.0,0.2,0.0,0.7,0.0,0.0,0.1,1.7,0.1,1.5,0.0,0.0,0.0,0.0,0.0,0.0,0.0,0.0,0.0,0.0,0.0,0.0,0.0,0.0,0.1,0.0,0.0,0.0,0.0,0.0,0.0,0.0,0.0
Mar-1998,0.0,0.0,0.0,0.0,0.0,0.0,0.4,0.0,0.0,-0.1,0.0,0.0,0.0,0.0,0.0,-0.1,0.1,0.0,0.0,0.0,0.0,0.0,-0.1,0.0,0.0,0.1,0.4,0.0,0.4,0.0,0.0,0.0,0.0,0.0,0.0,0.0,0.0,0.0,0.0,0.0,0.0,0.0,0.0,0.0,0.0,0.0,0.0,0.0,0.0,0.0,0.0,0.0
Jun-1998,0.0,0.1,0.0,0.0,0.0,0.0,-0.1,0.1,0.0,0.1,0.0,0.0,0.0,0.0,0.1,0.1,0.1,0.0,0.2,0.1,-0.2,0.1,0.0,0.0,0.0,0.1,1.0,0.3,1.5,0.0,0.0,0.0,0.0,0.0,0.0,0.0,0.0,0.0,0.0,0.0,0.0,0.0,0.0,-0.1,0.0,0.0,0.0,0.0,0.0,0.0,0.0,0.0
Sep-1998,0.0,0.0,0.0,0.0,0.0,0.0,0.2,0.0,0.1,0.1,0.1,0.0,0.0,0.1,0.1,0.0,0.2,0.0,0.2,0.1,0.1,0.1,0.0,0.0,0.0,0.1,1.4,0.0,1.7,0.0,0.0,0.0,0.0,0.0,0.0,0.0,0.0,0.0,0.0,0.0,0.0,0.0,0.0,0.0,0.0,0.0,0.0,0.0,0.0,0.0,0.0,0.0
Dec-1998,0.1,0.1,0.0,0.0,0.0,0.0,0.3,0.1,0.0,0.1,0.0,0.0,0.0,0.0,0.0,0.1,0.1,0.1,0.2,0.1,0.2,0.1,-0.1,0.0,0.0,0.1,1.6,0.0,1.4,0.0,0.0,0.0,0.0,0.0,0.0,0.0,0.0,0.0,0.0,0.0,0.0,0.0,0.0,0.1,0.0,0.0,0.0,0.0,0.0,0.0,0.0,0.0
Mar-1999,-0.1,0.1,0.0,0.0,0.0,0.0,0.0,0.0,0.1,0.1,-0.1,0.0,0.0,-0.1,-0.1,0.0,0.2,0.0,0.1,0.1,0.3,0.0,0.1,0.0,0.0,0.1,0.9,0.2,0.7,0.0,0.0,0.0,0.0,0.0,0.0,0.0,0.0,0.0,0.0,0.0,0.0,0.0,0.0,0.1,0.0,0.0,0.0,0.0,0.0,0.0,0.0,0.0
Jun-1999,-0.1,-0.3,0.0,0.0,0.0,0.0,0.1,0.0,0.0,0.1,0.0,0.0,0.0,0.1,0.1,0.0,0.1,0.1,0.1,0.1,0.1,0.0,0.0,0.0,0.1,0.1,0.5,0.0,0.6,0.0,0.0,0.0,0.0,0.0,0.0,0.0,0.0,0.0,0.0,0.0,0.0,0.0,0.0,0.0,0.0,0.0,0.0,0.0,0.0,0.0,0.0,0.0
Sep-1999,0.1,0.0,0.0,0.0,0.0,0.0,0.2,0.1,0.0,0.0,0.1,0.0,0.0,0.0,0.1,0.0,0.1,0.0,0.0,0.0,-0.1,0.0,0.1,0.0,0.0,0.1,0.8,0.1,1.0,0.0,0.0,0.0,0.0,0.0,0.0,0.0,0.0,0.0,0.0,0.0,0.0,0.0,0.0,-0.1,0.0,0.0,0.0,0.0,0.0,0.0,0.0,0.0
Dec-1999,0.0,0.1,0.0,0.0,0.0,0.0,0.1,0.1,0.1,0.1,0.0,0.0,0.0,0.1,0.1,0.0,0.2,0.0,0.1,0.1,0.1,0.0,0.1,0.0,0.0,0.1,1.2,0.0,1.2,0.0,0.0,0.0,0.0,0.0,0.0,0.0,0.0,0.0,0.0,0.0,0.0,0.0,0.0,0.1,0.0,0.0,0.0,0.0,0.0,0.0,0.0,0.0
Mar-2000,0.0,0.4,0.0,0.0,0.0,0.1,0.1,0.0,-0.1,0.0,0.0,0.0,0.0,0.0,0.0,0.1,0.0,-0.1,0.0,0.0,0.0,0.0,0.1,0.0,0.0,0.1,1.0,0.0,1.2,0.0,0.0,0.0,0.0,0.0,0.0,0.0,0.0,0.0,0.0,0.0,0.0,0.0,0.0,0.0,0.0,0.0,0.0,0.0,0.0,0.0,0.0,0.0
Jun-2000,0.1,-0.2,0.0,0.0,0.0,0.0,0.1,0.0,0.1,0.0,0.0,0.0,0.0,0.0,0.1,0.1,0.1,0.0,0.1,0.1,-0.1,0.0,0.0,0.0,0.0,0.1,0.7,0.0,0.6,0.0,0.0,0.0,0.0,0.0,0.0,0.0,0.0,0.0,0.0,0.0,0.0,0.0,0.0,0.0,0.0,0.0,0.0,0.0,0.0,0.0,0.0,0.0
Sep-2000,0.0,0.2,0.0,0.0,0.0,0.0,-0.8,0.0,0.0,0.1,0.0,0.0,0.1,0.0,0.0,0.0,-0.1,0.0,0.3,0.1,0.0,0.0,0.0,0.1,0.1,0.1,0.3,-0.1,0.1,0.0,0.0,0.0,0.0,0.0,0.0,0.0,0.0,0.0,0.0,0.0,0.0,0.0,0.0,0.0,0.0,0.0,0.0,0.0,0.0,0.0,0.0,0.1
Dec-2000,0.0,0.0,0.0,0.0,0.0,0.0,-0.6,-0.1,0.1,0.1,-0.1,0.0,0.0,0.1,0.0,0.0,0.0,0.0,0.1,0.0,0.1,0.0,0.1,-0.1,0.1,0.1,-0.2,-0.4,-0.3,0.0,0.0,0.0,0.0,0.0,0.0,0.0,0.0,0.0,0.0,0.0,0.0,0.0,0.0,0.0,0.0,0.0,0.0,0.0,0.0,0.0,0.0,0.0
Mar-2001,0.0,-0.2,0.0,0.0,0.0,0.0,0.1,0.0,0.1,0.0,0.0,0.0,-0.1,-0.1,-0.2,-0.1,0.2,0.0,0.1,0.0,0.2,0.0,0.3,-0.1,0.0,0.1,0.7,0.4,1.0,0.0,0.0,0.0,0.0,0.0,0.0,0.0,0.0,0.0,0.0,0.0,0.0,0.0,0.0,0.0,0.0,0.0,0.0,0.0,0.0,0.0,0.0,-0.1
Jun-2001,0.0,0.1,0.0,0.0,0.0,0.0,0.3,0.0,0.1,0.0,0.1,0.0,0.1,0.1,0.3,0.0,0.1,0.0,0.1,0.1,-0.2,0.0,0.0,0.1,0.0,0.0,1.2,-0.1,0.8,0.0,0.0,0.0,0.0,0.0,0.0,0.0,0.0,0.0,0.0,0.0,0.0,0.0,0.0,0.1,0.0,0.0,0.0,0.0,0.0,0.0,0.0,0.0
Sep-2001,0.0,0.0,0.0,0.0,0.0,0.0,0.1,-0.1,0.0,0.0,-0.1,0.0,0.0,0.0,-0.1,0.1,0.2,0.0,0.0,0.0,0.2,0.0,0.0,0.0,-0.1,0.0,0.6,0.0,1.1,0.0,0.0,0.0,0.0,0.0,0.0,0.0,0.0,0.0,0.0,0.0,0.0,0.0,0.0,0.0,0.0,0.0,0.0,0.0,0.0,0.0,0.0,0.1
Dec-2001,0.0,0.2,0.1,0.0,0.1,0.1,0.1,0.2,0.1,-0.1,0.0,0.0,0.0,0.0,0.0,0.0,0.1,0.2,0.0,0.0,-0.1,0.0,0.2,0.0,0.0,0.0,0.9,0.3,1.2,0.0,0.0,0.0,0.0,0.0,0.0,0.0,0.0,0.0,0.0,0.0,0.0,0.0,0.0,-0.1,0.0,0.0,0.0,0.0,0.0,0.0,0.0,0.0
Mar-2002,0.0,0.1,-0.1,0.0,0.0,-0.1,0.4,-0.1,0.1,0.1,0.0,0.0,0.1,0.1,0.2,0.1,0.1,0.0,0.1,0.1,0.3,0.0,0.0,0.0,0.0,0.0,1.4,0.1,0.8,0.0,0.0,0.0,0.0,0.0,0.0,0.0,0.0,0.0,0.0,0.0,0.0,0.0,0.0,0.1,0.0,0.0,0.0,0.0,0.0,0.0,0.0,0.0
Jun-2002,0.1,0.1,0.1,0.0,0.0,0.0,0.5,0.2,0.1,0.1,0.0,0.0,0.0,0.0,0.1,0.0,0.2,0.0,0.1,0.0,-0.3,0.0,0.1,0.0,0.0,0.1,0.9,0.1,1.6,0.0,0.0,0.0,0.0,0.0,0.0,0.0,0.0,0.0,0.0,0.0,0.0,0.0,0.0,0.1,0.0,0.0,0.0,0.0,0.0,0.0,0.0,0.0
Sep-2002,-0.1,0.0,0.0,0.0,0.1,0.1,0.0,0.1,0.0,0.0,0.1,0.0,0.0,0.1,0.3,0.1,-0.1,0.1,0.0,0.1,-0.1,0.0,0.1,0.0,0.0,0.1,0.4,0.2,0.3,0.0,0.0,0.0,0.0,0.0,0.0,0.0,0.0,0.0,0.0,0.0,0.0,0.0,0.0,-0.1,0.0,0.0,0.0,0.0,0.0,0.0,0.0,0.0
Dec-2002,0.1,0.2,0.0,0.0,0.0,0.0,0.5,0.0,0.0,0.0,0.0,0.0,0.0,-0.1,-0.1,0.0,-0.1,0.1,-0.2,-0.1,0.2,0.0,0.0,0.0,0.0,0.1,0.7,0.0,0.9,0.0,0.0,0.0,0.0,0.0,0.0,0.0,0.0,0.0,0.0,0.0,0.0,0.0,0.0,0.0,0.0,0.0,0.0,0.0,0.0,0.0,0.0,0.0
Mar-2003,0.1,0.2,-0.1,0.0,0.0,-0.1,-0.2,0.0,0.0,-0.1,-0.1,0.0,0.0,-0.1,-0.1,0.1,0.1,0.0,0.1,0.1,0.1,0.0,0.1,0.0,0.0,0.1,0.1,-0.1,0.0,0.0,0.0,0.0,0.0,0.0,0.0,0.0,0.0,0.0,0.0,0.0,0.0,0.0,0.0,0.0,0.0,0.0,0.0,0.0,0.0,0.0,0.0,0.0
Jun-2003,0.1,-0.1,0.0,0.0,0.0,0.0,0.2,0.0,0.1,0.0,0.0,0.0,0.0,-0.1,-0.1,0.0,0.1,-0.2,0.2,0.0,-0.2,0.0,0.1,0.0,0.0,0.1,0.3,0.1,0.6,0.0,0.0,0.0,0.0,0.0,0.0,0.0,0.0,0.0,0.0,0.0,0.0,0.0,0.0,0.0,0.0,0.0,0.0,0.0,0.0,0.0,0.0,0.0
Sep-2003,0.0,0.0,0.0,0.0,0.0,0.0,0.1,0.1,0.1,0.1,0.1,0.0,0.0,0.0,0.1,0.1,0.2,0.0,0.1,0.0,-0.2,0.0,0.1,0.0,0.0,0.1,1.3,0.2,1.6,0.0,0.0,0.0,0.0,0.0,0.0,0.0,0.0,0.0,0.0,0.0,0.0,0.0,0.0,0.0,0.0,0.0,0.0,0.0,0.0,0.0,0.0,0.0
Dec-2003,0.0,0.1,0.0,0.0,0.0,0.0,0.1,0.0,0.1,0.0,0.0,0.0,0.0,0.1,0.2,0.0,0.2,0.1,0.1,0.0,0.3,0.0,0.0,0.0,0.0,0.1,1.7,0.1,1.7,0.0,0.0,0.0,0.0,0.0,0.0,0.0,0.0,0.0,0.0,0.0,0.0,0.0,0.0,0.0,0.0,0.0,0.0,0.0,0.0,0.0,0.0,0.0
Mar-2004,0.0,0.1,0.0,0.0,0.0,0.1,0.1,0.2,0.0,0.0,0.1,0.0,0.0,0.1,0.2,0.0,0.1,0.0,-0.1,-0.1,0.0,0.0,0.1,-0.1,0.0,0.1,1.2,0.0,0.8,0.0,0.0,0.0,0.0,0.0,0.0,0.0,0.0,0.0,0.0,0.0,0.0,0.0,0.0,0.0,0.0,0.0,0.0,0.0,0.0,0.0,0.0,0.0
Jun-2004,0.0,-0.1,0.0,0.0,0.0,0.0,0.0,0.0,0.1,0.1,0.0,0.0,0.0,0.0,0.1,0.1,0.2,0.2,0.0,0.0,0.1,0.0,0.0,0.1,0.0,0.1,0.9,0.1,0.5,0.0,0.0,0.0,0.0,0.0,0.0,0.0,0.0,0.0,0.0,0.0,0.0,0.0,0.0,0.0,0.0,0.0,0.0,0.0,0.0,0.0,0.0,0.0
Sep-2004,-0.1,-0.1,0.0,0.0,0.0,0.0,0.0,0.0,0.1,0.1,0.0,0.0,-0.1,0.0,0.0,0.0,0.1,-0.2,0.1,0.0,-0.3,0.0,0.0,0.0,0.0,0.1,0.1,0.1,0.8,0.0,0.0,0.0,0.0,0.0,0.0,0.0,0.0,0.0,0.0,0.0,0.0,0.0,0.0,-0.1,0.0,0.0,0.0,-0.1,0.0,0.0,0.0,0.0
Dec-2004,0.0,0.0,0.0,0.0,0.0,-0.1,0.1,0.0,0.0,-0.1,0.1,0.0,0.1,0.0,0.1,0.0,0.1,-0.1,0.0,0.0,0.4,0.0,0.1,0.0,0.0,0.1,0.7,0.0,0.8,0.0,0.0,0.0,0.0,0.0,0.0,0.0,0.0,0.0,0.0,0.0,0.0,0.0,0.0,0.1,0.0,0.0,0.0,0.0,0.0,0.0,0.0,0.0
Mar-2005,0.1,0.0,0.0,0.0,0.0,0.0,0.1,0.0,0.0,0.0,0.0,0.0,0.0,0.0,0.0,0.0,0.1,0.1,0.1,0.0,-0.1,0.0,-0.1,0.0,0.0,0.1,0.6,0.1,0.8,0.0,0.0,0.0,0.0,0.0,0.0,0.0,0.0,0.0,0.0,0.0,0.0,0.0,0.0,0.1,0.0,0.0,0.0,0.0,0.0,0.0,0.0,0.0
Jun-2005,0.0,0.0,0.0,0.0,0.0,0.1,0.3,0.1,0.0,0.0,0.0,0.0,0.0,0.0,0.0,0.1,0.1,0.2,-0.1,0.0,0.1,0.0,0.2,0.0,0.0,0.1,1.6,0.1,0.6,0.0,0.0,0.0,0.0,0.0,0.0,0.0,0.0,0.0,0.0,0.0,0.0,0.0,0.0,0.0,0.0,0.0,0.0,0.0,0.0,0.0,0.0,0.1
Sep-2005,0.1,0.1,0.0,0.0,0.0,-0.1,0.1,0.0,0.0,0.0,0.0,0.0,0.0,0.0,0.0,0.0,0.1,0.0,0.0,0.0,0.0,0.0,0.0,0.0,0.0,0.1,0.3,0.0,1.1,0.0,0.0,0.0,0.0,0.0,0.0,0.0,0.0,0.0,0.0,0.0,0.0,0.0,0.0,0.0,0.0,0.0,0.0,0.0,0.0,0.0,0.0,0.0
Dec-2005,0.0,-0.2,0.1,0.0,0.0,0.1,0.1,0.0,0.0,0.0,0.0,0.0,0.0,0.0,0.0,0.0,0.1,0.0,0.2,0.1,-0.1,0.0,0.1,0.0,0.0,0.1,0.6,0.1,0.8,0.0,0.0,0.0,0.0,0.0,0.0,0.0,0.0,0.0,0.0,0.0,0.0,0.0,0.0,0.1,0.0,0.0,0.0,0.0,0.0,0.0,0.0,0.0
Mar-2006,-0.1,0.0,0.0,0.0,0.0,0.0,0.2,0.0,0.1,0.0,0.0,0.0,0.1,0.0,0.1,0.0,0.2,-0.1,0.2,0.0,-0.1,0.0,0.1,0.0,0.0,0.0,0.5,0.0,0.2,0.0,0.0,0.0,0.0,0.0,0.0,0.0,0.0,-0.1,0.0,0.0,0.0,0.0,0.0,0.0,0.0,0.0,0.0,0.0,0.0,0.0,0.0,-0.1
Jun-2006,0.0,0.1,0.0,0.0,0.0,0.0,0.1,-0.1,0.1,0.0,0.0,0.0,0.0,0.0,0.0,0.0,0.1,0.0,0.1,0.0,0.2,0.0,0.0,0.0,0.0,0.0,0.7,0.0,0.1,0.0,0.0,0.0,0.0,0.0,0.0,0.0,0.0,0.0,0.0,0.0,0.0,0.0,0.0,-0.2,0.0,0.0,0.0,0.0,0.0,0.0,0.0,-0.1
Sep-2006,0.0,0.0,0.0,0.0,0.0,0.0,-0.2,0.1,0.0,0.0,0.1,0.0,-0.1,0.0,0.1,0.0,0.2,-0.1,-0.1,0.0,0.3,0.0,0.1,0.0,0.0,0.0,0.8,0.0,1.3,0.0,0.0,0.0,0.0,0.0,0.0,0.0,0.0,0.0,0.0,0.0,0.0,0.0,0.0,0.1,0.0,0.0,0.0,-0.1,0.0,0.0,0.0,0.1
Dec-2006,0.1,0.2,0.0,0.0,0.0,0.0,0.4,0.1,0.1,0.0,0.1,0.0,0.0,0.0,0.1,0.1,0.3,0.0,0.1,0.0,-0.2,0.0,0.0,0.0,0.1,0.0,1.4,0.1,1.4,0.0,0.0,0.0,0.0,0.0,0.0,0.0,0.0,0.0,0.0,0.0,0.0,0.0,0.0,0.0,0.0,0.0,0.0,0.0,0.0,0.0,0.0,0.0
Mar-2007,0.0,0.0,0.0,0.0,0.0,-0.1,0.2,0.0,0.1,0.0,0.0,0.0,0.0,0.1,0.1,0.1,0.3,0.1,-0.1,0.1,0.1,0.0,0.1,0.0,0.1,0.0,1.2,0.1,1.5,-0.1,0.0,0.0,0.0,0.0,0.0,0.0,0.0,0.0,0.0,0.0,0.0,0.0,0.0,0.1,0.0,0.0,0.0,0.0,0.0,0.0,0.0,0.0
Jun-2007,0.0,-0.1,0.0,0.0,0.0,0.0,-0.2,0.0,0.0,0.0,0.0,0.0,0.0,0.0,0.0,0.0,0.2,-0.1,0.3,0.0,0.0,0.0,0.1,0.0,-0.2,0.0,0.3,-0.1,0.8,0.0,0.0,0.0,0.0,0.0,0.0,0.0,0.0,0.0,0.0,0.0,0.0,0.0,0.0,0.0,0.0,0.0,0.0,0.0,0.0,0.0,0.0,0.0
Sep-2007,0.0,0.1,0.1,0.0,0.0,0.1,0.3,0.0,0.1,0.0,0.0,0.0,0.0,0.0,0.0,0.0,0.2,-0.1,0.0,0.1,0.0,0.0,0.1,0.0,0.2,0.0,1.2,0.1,1.0,0.0,0.0,0.0,0.0,0.0,0.0,0.0,0.0,0.0,0.0,0.0,0.0,0.0,0.0,-0.1,0.0,0.0,0.0,0.0,0.0,0.0,0.0,0.1
Dec-2007,0.0,0.1,0.0,0.0,0.0,0.0,-0.1,0.1,0.1,0.0,0.0,0.0,0.0,0.1,0.1,0.1,0.1,0.1,-0.1,0.0,0.1,0.0,0.1,0.0,-0.1,0.1,0.4,0.1,0.5,0.0,0.0,0.0,0.0,0.0,0.0,0.0,0.0,0.0,0.0,0.0,0.0,0.1,0.0,0.0,0.0,0.0,0.1,0.0,0.0,0.0,0.0,0.0
Mar-2008,0.1,0.3,0.0,0.0,0.0,0.0,0.2,0.0,0.0,0.0,0.0,0.0,0.0,0.0,0.0,0.0,0.0,-0.2,0.0,0.1,0.0,0.0,0.1,0.0,-0.1,0.1,1.1,0.1,1.2,-0.1,0.0,0.0,0.0,0.1,0.0,0.0,0.0,0.0,0.0,0.0,0.0,0.0,0.0,0.1,0.0,0.0,0.0,0.0,0.0,0.0,0.0,0.0
Jun-2008,0.1,0.1,0.0,0.0,0.0,0.0,0.2,0.1,0.0,-0.1,0.0,0.0,0.0,0.2,0.2,0.0,0.0,0.1,0.1,0.1,-0.1,0.0,0.1,0.0,0.0,0.1,1.0,-0.1,0.2,0.0,0.0,0.0,0.0,0.0,0.0,0.0,0.0,0.0,0.0,0.0,0.0,0.0,0.0,0.0,0.0,0.0,0.0,0.0,0.0,0.0,0.0,0.0
Sep-2008,-0.1,-0.2,0.1,0.0,0.0,0.1,0.1,0.0,0.0,0.0,-0.1,0.0,0.0,-0.2,-0.3,0.0,0.0,0.1,0.1,0.0,0.2,0.0,0.1,0.0,0.0,0.1,0.8,0.0,0.8,0.0,0.0,0.0,0.0,0.1,0.0,0.0,0.0,0.0,0.0,0.0,0.0,0.0,0.0,-0.1,0.0,0.0,0.0,0.0,0.0,0.0,0.0,0.0
Dec-2008,-0.1,-0.4,0.0,0.0,0.0,-0.1,0.2,-0.1,0.0,0.0,0.0,0.0,0.0,0.2,0.2,0.0,0.0,0.0,0.0,-0.4,0.1,0.1,0.1,0.0,0.0,0.1,-0.2,0.0,-0.7,0.0,0.0,0.0,0.0,0.0,0.0,-0.1,0.0,0.0,0.0,0.0,-0.1,0.0,0.0,0.1,0.0,0.0,0.1,0.0,0.0,0.0,0.0,0.0
Mar-2009,-0.1,-0.3,0.0,0.0,0.1,0.2,-0.2,0.0,0.0,0.1,0.0,0.0,0.0,-0.1,-0.2,0.0,-0.1,-0.1,0.0,-0.1,0.1,0.1,0.1,0.0,0.0,0.1,-0.6,0.0,1.1,0.0,0.0,0.0,0.0,0.0,0.0,0.0,0.0,0.0,0.0,0.0,0.0,0.0,0.0,0.0,0.0,0.0,0.0,0.0,0.0,0.0,0.0,0.0
Jun-2009,0.0,0.1,0.0,0.0,-0.1,0.0,-0.2,0.0,0.1,-0.1,0.0,0.0,0.0,0.0,0.0,0.0,0.2,0.1,0.2,0.0,0.1,0.0,0.1,0.0,0.1,0.0,0.5,0.0,0.5,0.1,0.0,0.0,0.0,-0.1,0.0,0.0,0.0,0.0,0.0,0.0,0.0,0.0,0.0,0.0,0.0,0.0,0.1,0.0,0.0,0.0,0.0,0.0
Sep-2009,0.1,0.0,0.0,0.0,0.0,-0.1,0.2,0.1,0.0,0.0,0.0,0.0,0.0,0.1,0.1,0.0,-0.1,0.1,0.1,0.0,-0.2,0.0,0.1,0.0,-0.1,0.0,0.8,-0.1,0.4,0.0,0.1,0.0,0.0,0.0,0.0,0.1,0.0,0.0,0.0,0.0,0.0,0.0,0.0,-0.1,0.0,0.0,-0.1,0.0,0.0,0.0,0.0,0.1
Dec-2009,0.2,0.3,0.1,0.0,0.1,0.1,0.0,0.1,0.0,0.0,0.0,0.0,0.0,0.0,0.0,0.1,-0.1,-0.1,0.0,-0.1,0.0,0.0,0.1,0.0,0.1,0.0,0.9,0.0,0.7,-0.1,0.1,0.0,0.0,0.0,0.0,0.0,0.0,0.0,0.0,0.0,0.0,0.1,0.0,0.0,0.0,0.0,0.0,0.0,0.0,0.0,0.0,0.0
Mar-2010,-0.1,0.1,0.0,0.0,0.0,-0.1,0.1,-0.1,0.0,0.0,0.1,0.0,0.0,0.1,0.2,0.0,0.2,0.0,0.2,0.0,0.1,0.0,0.0,0.0,0.0,0.0,0.8,0.0,0.4,0.0,0.0,0.0,0.0,0.0,0.0,0.0,0.0,0.0,0.0,0.0,0.0,0.0,0.0,0.1,0.0,0.0,-0.1,0.0,0.0,0.0,0.0,-0.1
Jun-2010,0.1,-0.1,0.0,0.0,0.0,0.0,0.2,-0.1,0.0,0.0,0.0,0.0,0.0,-0.1,-0.1,0.1,0.0,0.0,0.2,0.1,0.0,0.0,0.1,0.0,0.0,0.0,0.7,0.1,0.6,0.1,0.0,0.0,0.0,0.0,0.0,0.0,0.0,0.0,0.0,0.0,0.0,0.0,0.0,-0.1,0.0,0.0,0.0,0.0,0.0,0.0,0.0,0.0
Sep-2010,0.0,-0.1,0.0,0.0,0.0,0.0,-0.2,0.0,0.0,0.0,0.0,0.0,0.0,0.0,0.1,0.0,0.1,0.0,-0.1,0.1,0.0,0.0,0.0,0.0,0.0,0.0,0.1,0.0,0.6,-0.1,0.0,0.1,0.0,0.0,0.0,0.0,0.0,0.0,0.1,0.0,0.0,0.0,0.0,0.0,0.0,0.0,0.0,-0.1,0.0,0.0,0.0,0.0
Dec-2010,0.0,0.0,0.0,0.0,0.0,0.0,0.1,0.0,0.0,0.0,0.0,0.0,0.0,0.1,0.0,0.0,0.1,0.0,0.3,0.1,0.0,0.0,0.1,0.0,0.0,0.0,0.8,0.0,1.0,0.0,0.0,-0.1,0.0,0.0,0.0,0.0,0.0,0.0,-0.1,0.0,0.0,0.1,0.0,0.0,0.0,0.0,0.1,0.0,0.0,0.0,0.0,0.0
Mar-2011,0.0,-0.1,0.0,0.0,0.0,0.1,0.1,0.1,0.0,0.0,0.0,0.0,0.0,0.1,0.0,0.0,0.1,0.0,-0.1,0.0,0.0,0.0,0.1,0.0,0.0,0.0,0.0,0.0,-0.3,0.0,-0.1,0.0,0.0,0.0,-0.1,0.0,-0.1,0.0,0.0,0.0,0.0,0.0,0.0,-0.1,0.0,0.0,0.0,-0.1,0.0,0.0,0.0,-0.1
Jun-2011,-0.1,0.2,0.0,0.0,0.0,0.0,0.2,0.0,0.0,0.1,0.0,0.0,0.1,0.1,0.2,0.0,0.0,0.1,0.1,-0.1,0.0,0.0,0.0,0.0,0.1,0.0,1.4,0.1,1.1,0.2,0.0,0.0,0.0,0.0,0.0,0.0,0.0,0.0,0.0,0.0,0.0,0.0,0.0,0.0,0.0,0.0,0.0,0.1,0.0,0.0,0.0,0.0
Sep-2011,0.1,0.1,0.0,0.0,0.0,0.0,0.5,0.1,0.0,0.1,0.0,0.0,0.0,-0.1,-0.1,0.0,0.1,0.0,0.1,-0.1,0.0,0.0,0.1,0.0,0.0,0.0,1.2,0.0,1.2,-0.2,0.0,0.0,0.0,0.1,0.0,0.0,0.0,0.0,0.0,-0.1,0.0,-0.1,0.0,0.0,0.0,0.1,-0.1,0.0,0.0,0.0,0.0,0.0
Dec-2011,-0.1,-0.1,0.0,0.0,0.0,0.0,-0.1,0.0,0.0,0.0,0.0,0.0,0.0,0.1,0.1,0.0,0.0,0.0,0.0,0.1,0.1,0.0,0.0,0.0,0.1,0.0,0.4,0.0,1.1,-0.1,0.0,0.0,0.1,0.0,0.0,0.0,0.1,0.0,-0.2,0.0,0.0,0.2,0.0,0.0,0.0,0.0,0.1,0.0,0.0,0.0,0.0,0.1
Mar-2012,0.1,0.0,0.0,0.0,0.0,0.0,0.3,0.1,0.1,0.0,0.0,0.0,0.0,0.1,0.1,0.0,0.1,0.1,0.2,0.1,0.0,0.0,0.0,0.0,0.0,0.0,1.1,0.0,1.0,0.1,-0.1,0.0,-0.1,-0.1,0.0,0.0,0.0,-0.1,0.1,0.0,0.0,-0.1,0.0,0.0,0.0,-0.1,-0.1,0.0,0.0,0.0,0.0,-0.1
Jun-2012,0.0,-0.3,0.0,0.0,0.0,0.0,0.1,0.1,0.1,0.0,0.0,0.0,0.0,0.1,0.1,0.0,0.1,0.1,0.2,0.0,-0.1,0.0,0.1,0.0,-0.1,0.0,0.4,0.0,0.5,0.2,-0.1,-0.1,0.1,0.0,0.0,0.0,0.0,0.0,0.0,0.0,0.0,0.0,0.0,0.1,0.0,0.0,0.0,0.0,0.0,0.0,0.0,0.0
Sep-2012,0.0,0.1,0.0,0.0,0.0,0.0,0.0,0.1,0.0,0.0,0.0,0.0,0.0,0.0,-0.1,0.0,0.1,0.0,-0.1,0.0,0.0,0.0,0.1,0.0,0.0,0.0,0.6,0.1,0.7,-0.2,0.1,0.0,0.0,0.1,0.0,0.0,0.0,0.0,0.1,0.0,0.0,-0.1,0.0,0.0,0.0,0.0,-0.1,0.0,0.0,0.0,0.0,0.0
Dec-2012,0.0,-0.1,0.0,0.0,0.0,0.0,0.1,0.0,0.0,0.0,0.0,0.0,0.0,0.0,0.0,0.0,0.1,0.0,0.2,0.0,0.1,0.0,0.1,0.0,0.0,0.1,0.8,-0.1,0.6,-0.2,0.0,0.0,0.1,0.0,0.0,0.0,0.1,0.0,-0.2,0.0,0.0,0.2,0.0,0.0,0.0,0.0,0.2,-0.1,0.0,0.0,0.0,0.1
Mar-2013,-0.1,-0.1,0.0,0.0,0.0,0.0,-0.2,0.0,0.0,0.0,0.1,0.0,0.0,0.0,0.1,0.0,0.0,0.0,0.0,0.0,0.1,0.0,0.0,0.0,0.0,0.1,0.1,0.1,0.1,0.1,-0.1,0.0,-0.1,-0.2,0.0,0.0,-0.1,-0.1,0.2,0.1,-0.1,-0.1,0.0,0.0,0.0,0.0,-0.2,0.0,0.0,0.0,0.0,-0.1
Jun-2013,0.0,-0.1,0.0,0.0,0.0,0.0,0.1,0.0,0.0,0.0,-0.1,0.0,0.0,0.0,-0.1,0.0,0.1,0.0,0.0,0.0,0.0,0.0,0.1,0.0,0.0,0.1,0.7,-0.1,0.7,0.3,-0.1,0.0,0.1,0.4,0.0,0.0,0.0,0.0,-0.1,0.0,0.1,-0.1,0.0,0.0,0.0,0.0,0.0,0.0,0.0,0.1,0.0,0.0
Sep-2013,0.0,0.0,0.0,0.0,0.0,0.0,0.2,-0.1,0.0,0.0,0.0,0.0,0.0,0.1,0.1,0.0,0.1,0.0,0.0,0.0,0.1,0.0,0.1,0.0,0.1,0.1,0.7,0.0,0.6,-0.5,0.1,-0.1,0.1,-0.2,0.0,0.0,0.1,0.0,0.1,-0.1,0.0,-0.1,0.1,0.0,0.0,0.0,0.0,0.0,0.0,-0.1,0.0,0.0
Dec-2013,0.0,0.0,0.0,0.0,0.0,0.0,0.1,0.0,0.0,0.0,0.0,0.0,0.0,0.0,0.0,0.0,0.1,0.1,0.0,0.0,0.1,0.0,0.1,0.0,0.0,0.1,0.7,0.1,0.9,0.4,0.1,0.1,0.0,0.1,0.0,0.0,0.1,0.1,-0.3,0.1,0.0,0.3,0.0,0.0,0.0,0.0,0.2,0.0,0.0,0.1,0.0,0.1
Mar-2014,0.0,-0.2,0.0,0.0,0.0,0.0,0.2,0.0,0.0,0.0,0.0,0.0,0.0,-0.1,-0.1,0.0,0.1,0.1,-0.1,0.0,0.0,0.0,0.1,0.0,0.0,0.1,0.7,0.0,0.8,0.0,-0.2,0.1,-0.2,-0.4,-0.1,0.0,-0.2,-0.2,0.4,0.0,-0.1,-0.2,-0.1,0.0,0.0,0.0,-0.2,0.0,0.0,0.0,0.1,-0.1
Jun-2014,0.0,0.1,0.0,0.0,0.0,0.0,0.0,0.0,0.0,0.1,0.0,0.0,0.0,-0.1,-0.1,0.1,0.0,0.1,0.1,0.0,0.0,0.0,0.1,0.0,0.0,0.1,0.7,0.0,0.7,0.1,0.0,-0.2,0.1,0.2,0.1,0.0,0.0,0.1,-0.2,0.0,0.1,0.0,0.0,0.0,0.0,0.1,0.1,0.0,0.0,0.0,-0.1,0.0
Sep-2014,0.0,-0.1,0.0,0.0,0.0,0.0,-0.3,0.0,0.0,0.0,0.0,0.0,0.0,0.0,0.1,0.0,0.1,0.0,0.0,0.0,-0.1,0.0,0.1,0.0,0.1,0.0,0.3,0.1,0.4,-0.5,0.2,-0.1,0.2,0.0,0.0,0.1,0.1,0.0,0.1,-0.1,0.0,-0.2,0.1,0.0,0.0,0.0,0.0,-0.1,0.0,0.0,-0.1,0.1
Dec-2014,0.0,0.0,0.0,0.0,0.0,0.0,0.1,0.0,0.0,0.0,0.0,0.0,0.0,0.0,0.0,0.0,0.1,0.0,0.0,0.0,0.1,0.0,0.1,0.0,-0.1,0.0,0.5,0.0,0.4,-0.2,0.1,0.1,0.0,0.3,0.0,0.0,0.2,0.2,-0.4,0.1,0.0,0.5,0.1,0.0,0.0,0.0,0.2,0.0,0.0,0.1,0.0,0.0
Mar-2015,0.0,0.0,0.0,0.0,0.0,0.0,-0.1,0.0,0.0,0.0,0.0,0.0,0.0,0.0,0.1,0.1,0.1,0.1,0.2,0.0,0.1,0.0,0.0,0.0,0.1,0.0,1.0,-0.1,1.0,1.1,-0.3,0.1,-0.4,-0.5,-0.2,0.0,-0.2,-0.2,0.6,-0.1,-0.2,-0.4,-0.2,0.0,0.0,0.0,-0.3,0.1,0.0,-0.1,0.1,-0.1
Jun-2015,0.0,0.0,0.0,0.0,0.0,0.0,0.1,0.0,0.0,0.0,0.0,0.0,0.0,0.1,0.1,0.0,0.1,0.1,0.0,0.0,0.1,0.0,0.1,0.0,0.0,0.1,0.5,0.0,0.2,-0.1,0.0,-0.1,0.2,0.1,0.1,0.0,0.0,0.1,-0.3,0.0,0.2,0.1,0.1,0.0,0.0,0.0,0.2,0.0,0.0,0.0,-0.1,0.0
Sep-2015,0.0,0.0,0.0,0.0,0.0,0.0,0.2,0.0,0.0,0.0,0.0,0.0,0.0,0.0,0.0,0.0,0.0,0.1,-0.1,-0.1,0.0,0.0,0.1,0.0,0.0,0.1,0.5,0.0,0.8,0.1,0.2,-0.1,0.2,-0.1,0.1,-0.1,0.1,0.0,0.1,-0.1,0.0,-0.2,0.0,0.0,0.0,0.0,0.0,-0.1,0.0,0.0,-0.1,0.1
Dec-2015,0.0,-0.1,0.0,0.0,0.0,0.0,0.1,0.0,0.0,0.0,0.0,0.0,0.0,0.0,0.0,0.1,0.1,0.1,0.0,0.0,0.1,0.0,0.0,0.0,0.0,0.0,0.3,0.0,0.5,-2.2,0.2,0.2,0.0,0.5,0.1,0.0,0.2,0.2,-0.4,0.1,0.0,0.6,0.2,0.0,0.0,0.1,0.3,0.0,0.0,0.1,-0.1,0.0
Mar-2016,0.0,0.0,0.0,0.0,0.0,0.0,-0.1,0.0,0.0,0.0,0.0,0.0,0.0,0.0,0.0,0.0,0.1,0.0,0.0,0.0,0.1,0.0,0.1,0.0,0.0,0.0,0.7,0.1,0.9,2.4,-0.6,0.2,-0.4,-0.8,-0.2,0.0,-0.4,-0.3,0.7,-0.1,-0.2,-0.6,-0.3,0.0,0.0,0.0,-0.4,0.2,0.0,-0.1,0.2,-0.2
Jun-2016,0.0,0.0,0.0,0.0,0.0,0.0,-0.1,0.1,0.0,0.0,0.0,0.0,0.0,0.0,0.0,0.0,0.1,0.1,0.2,0.0,0.0,0.0,0.1,0.0,0.0,0.0,0.6,0.1,0.7,0.5,0.2,-0.2,0.3,0.5,0.1,0.0,0.1,0.1,-0.4,0.2,0.2,0.2,0.0,0.0,0.0,0.0,0.2,0.0,0.0,0.1,-0.3,-0.1
Sep-2016,0.0,0.0,0.0,0.0,0.0,0.0,-0.3,0.1,0.0,0.0,0.0,0.0,0.0,0.0,0.0,0.0,0.0,-0.1,0.0,0.0,0.0,0.0,0.1,0.0,-0.1,0.0,0.0,-0.1,-0.4,0.3,0.0,-0.2,-0.4,-0.2,0.1,0.0,0.0,0.0,0.1,-0.1,0.1,-0.2,0.0,0.0,0.0,0.0,-0.1,-0.1,0.0,0.0,0.0,0.1
Dec-2016,-0.1,-0.1,0.0,0.0,0.0,0.0,-0.1,0.1,0.0,0.0,0.0,0.0,0.0,0.0,0.0,0.0,0.1,0.1,0.2,-0.1,0.1,0.0,0.1,0.0,0.1,0.0,1.0,0.0,1.1,-1.3,-0.5,0.1,0.2,0.0,-0.2,0.1,0.0,0.4,-0.3,0.2,0.8,0.3,0.5,1.3,0.0,0.1,-0.8,-0.7,0.0,0.1,0.0,0.0
Mar-2017,0.0,-0.1,0.0,0.0,0.0,0.1,0.1,0.1,0.0,0.0,0.0,0.0,0.0,0.0,0.1,0.0,0.1,0.0,0.1,0.0,0.0,0.0,0.1,0.0,-0.1,0.0,0.6,-0.1,0.3,,,,,,,,,,,,,,,,,,,,,,,